NS_SA_ID,PRIMAIRE_SELECT,PRIM_CONNAIT_ECOL_SECOND,CO_ANNEE_ETUDES
228955,primaire_select,prim_connait_ecol_second,R DQ 6 P
230388,primaire_select,prim_connait_ecol_second,R DQ 6 P
230462,primaire_select,prim_connait_ecol_second,R DQ 6 P
230579,primaire_select,prim_connait_ecol_second,R DQ 6 P
230580,primaire_select,prim_connait_ecol_second,R DQ 6 P
230581,primaire_select,prim_connait_ecol_second,R DQ 6 P
230582,primaire_select,prim_connait_ecol_second,R DQ 6 P
230583,primaire_select,prim_connait_ecol_second,R DQ 6 P
230584,primaire_select,prim_connait_ecol_second,R DQ 6 P
230585,primaire_select,prim_connait_ecol_second,R DQ 6 P
230586,primaire_select,prim_connait_ecol_second,R DQ 6 P
230588,primaire_select,prim_connait_ecol_second,R DQ 6 P
230589,primaire_select,prim_connait_ecol_second,R DQ 6 P
230590,primaire_select,prim_connait_ecol_second,R DQ 6 P
230591,primaire_select,prim_connait_ecol_second,R DQ 6 P
230592,primaire_select,prim_connait_ecol_second,R DQ 6 P
230595,primaire_select,prim_connait_ecol_second,R DQ 6 P
230597,primaire_select,prim_connait_ecol_second,R DQ 6 P
230598,primaire_select,prim_connait_ecol_second,R DQ 6 P
230599,primaire_select,prim_connait_ecol_second,R DQ 6 P
230600,primaire_select,prim_connait_ecol_second,R DQ 6 P
230601,primaire_select,prim_connait_ecol_second,R DQ 6 P
230602,primaire_select,prim_connait_ecol_second,R DQ 5 TQ
230603,primaire_select,prim_connait_ecol_second,R DQ 5 P
230604,primaire_select,prim_connait_ecol_second,R DQ 5 P
230605,primaire_select,prim_connait_ecol_second,R DQ 5 P
230606,primaire_select,prim_connait_ecol_second,R DQ 5 P
230623,primaire_select,prim_connait_ecol_second,R DQ 5 P
230624,primaire_select,prim_connait_ecol_second,R DQ 5 P
230625,primaire_select,prim_connait_ecol_second,R DQ 5 P
230626,primaire_select,prim_connait_ecol_second,R DQ 5 P
230627,primaire_select,prim_connait_ecol_second,R DQ 5 P
230628,primaire_select,prim_connait_ecol_second,R DQ 5 P
230629,primaire_select,prim_connait_ecol_second,R DQ 5 P
230630,primaire_select,prim_connait_ecol_second,R DQ 5 P
230631,primaire_select,prim_connait_ecol_second,R DQ 5 P
230632,primaire_select,prim_connait_ecol_second,R DQ 5 P
230633,primaire_select,prim_connait_ecol_second,R DQ 5 P
230634,primaire_select,prim_connait_ecol_second,R DQ 5 P
230635,primaire_select,prim_connait_ecol_second,R DQ 5 P
230636,primaire_select,prim_connait_ecol_second,R DQ 5 P
230637,primaire_select,prim_connait_ecol_second,R DQ 5 P
230638,primaire_select,prim_connait_ecol_second,R DQ 5 P
230639,primaire_select,prim_connait_ecol_second,R DQ 5 P
230640,primaire_select,prim_connait_ecol_second,R DQ 5 P
230641,primaire_select,prim_connait_ecol_second,R DQ 4 P
230642,primaire_select,prim_connait_ecol_second,R DQ 4 P
230686,primaire_select,prim_connait_ecol_second,R DQ 4 P
230691,primaire_select,prim_connait_ecol_second,R DQ 4 P
230891,primaire_select,prim_connait_ecol_second,R DQ 4 P
230892,primaire_select,prim_connait_ecol_second,R DQ 4 P
230895,primaire_select,prim_connait_ecol_second,R DQ 4 P
230896,primaire_select,prim_connait_ecol_second,R DQ 4 P
230929,primaire_select,prim_connait_ecol_second,R DQ 4 P
231070,primaire_select,prim_connait_ecol_second,R DQ 4 P
231087,primaire_select,prim_connait_ecol_second,R DQ 4 P
231089,primaire_select,prim_connait_ecol_second,R DQ 4 P
231103,primaire_select,prim_connait_ecol_second,R DQ 4 P
231104,primaire_select,prim_connait_ecol_second,R DQ 4 P
231112,primaire_select,prim_connait_ecol_second,R DQ 4 P
231114,primaire_select,prim_connait_ecol_second,R DQ 4 P
231115,primaire_select,prim_connait_ecol_second,R DQ 4 P
231117,primaire_select,prim_connait_ecol_second,R DQ 4 P
231118,primaire_select,prim_connait_ecol_second,R DQ 4 P
231120,primaire_select,prim_connait_ecol_second,R DQ 4 P
231121,primaire_select,prim_connait_ecol_second,R DQ 4 P
231129,primaire_select,prim_connait_ecol_second,R DQ 4 P
231130,primaire_select,prim_connait_ecol_second,R DQ 4 P
231136,primaire_select,prim_connait_ecol_second,R DQ 4 P
231137,primaire_select,prim_connait_ecol_second,R DQ 4 P
231145,primaire_select,prim_connait_ecol_second,R DQ 4 P
231152,primaire_select,prim_connait_ecol_second,R DQ 4 P
231160,primaire_select,prim_connait_ecol_second,R DQ 4 P
231166,primaire_select,prim_connait_ecol_second,R DQ 4 P
231168,primaire_select,prim_connait_ecol_second,R DQ 4 P
231170,primaire_select,prim_connait_ecol_second,R DQ 4 P
231171,primaire_select,prim_connait_ecol_second,R DQ 4 P
231207,primaire_select,prim_connait_ecol_second,R DQ 4 P
231216,primaire_select,prim_connait_ecol_second,R DQ 4 P
231222,primaire_select,prim_connait_ecol_second,R DQ 4 P
231292,primaire_select,prim_connait_ecol_second,R DQ 4 P
231300,primaire_select,prim_connait_ecol_second,R DQ 4 P
231301,primaire_select,prim_connait_ecol_second,R DQ 4 P
231302,primaire_select,prim_connait_ecol_second,R DQ 4 P
231307,primaire_select,prim_connait_ecol_second,R DQ 4 P
231308,primaire_select,prim_connait_ecol_second,R DQ 4 P
231309,primaire_select,prim_connait_ecol_second,R DQ 4 P
231313,primaire_select,prim_connait_ecol_second,R DQ 4 P
231314,primaire_select,prim_connait_ecol_second,R DQ 4 P
231317,primaire_select,prim_connait_ecol_second,R DQ 4 P
231318,primaire_select,prim_connait_ecol_second,R DQ 4 P
231443,primaire_select,prim_connait_ecol_second,R DQ 4 P
231444,primaire_select,prim_connait_ecol_second,R DQ 4 P
231460,primaire_select,prim_connait_ecol_second,R D3 P 45
231461,primaire_select,prim_connait_ecol_second,R D3 P 45
231462,primaire_select,prim_connait_ecol_second,R D3 P 45
231471,primaire_select,prim_connait_ecol_second,R D3 P 45
231490,primaire_select,prim_connait_ecol_second,R D3 P 45
231491,primaire_select,prim_connait_ecol_second,R D3 P 45
231492,primaire_select,prim_connait_ecol_second,R D3 P 45
231494,primaire_select,prim_connait_ecol_second,R D3 P 45
231557,primaire_select,prim_connait_ecol_second,R D3 P 45
231558,primaire_select,prim_connait_ecol_second,R D3 P 45
231559,primaire_select,prim_connait_ecol_second,R D3 P 45
231572,primaire_select,prim_connait_ecol_second,R D3 P 45
231587,primaire_select,prim_connait_ecol_second,R D3 P 45
231588,primaire_select,prim_connait_ecol_second,R D3 P 45
231598,primaire_select,prim_connait_ecol_second,R D3 P 45
231599,primaire_select,prim_connait_ecol_second,R D3 P 45
231602,primaire_select,prim_connait_ecol_second,R D3 P 45
231603,primaire_select,prim_connait_ecol_second,R D3 P 45
231613,primaire_select,prim_connait_ecol_second,R D3 P 45
231614,primaire_select,prim_connait_ecol_second,R D3 P 45
231623,primaire_select,prim_connait_ecol_second,R D3 P 45
231624,primaire_select,prim_connait_ecol_second,R D3 P 45
231625,primaire_select,prim_connait_ecol_second,R D3 P 45
231626,primaire_select,prim_connait_ecol_second,R D3 P 45
231632,primaire_select,prim_connait_ecol_second,R D3 P 45
231633,primaire_select,prim_connait_ecol_second,R D3 P 45
231658,primaire_select,prim_connait_ecol_second,R D3 P 45
231660,primaire_select,prim_connait_ecol_second,R D3 P 45
231661,primaire_select,prim_connait_ecol_second,R D3 P 45
231670,primaire_select,prim_connait_ecol_second,R D3 P 45
231671,primaire_select,prim_connait_ecol_second,R D3 P 45
231672,primaire_select,prim_connait_ecol_second,R D3 P 45
231673,primaire_select,prim_connait_ecol_second,R D3 P 45
231675,primaire_select,prim_connait_ecol_second,R D3 P 45
231676,primaire_select,prim_connait_ecol_second,R D3 P 45
231678,primaire_select,prim_connait_ecol_second,R D3 P 45
231679,primaire_select,prim_connait_ecol_second,R D3 P 45
231681,primaire_select,prim_connait_ecol_second,R D3 P 45
231682,primaire_select,prim_connait_ecol_second,R D3 P 45
231683,primaire_select,prim_connait_ecol_second,R D3 P 45
231684,primaire_select,prim_connait_ecol_second,R D3 P 45
231686,primaire_select,prim_connait_ecol_second,R D3 P 45
231687,primaire_select,prim_connait_ecol_second,R D3 P 45
231692,primaire_select,prim_connait_ecol_second,R D3 P 45
231694,primaire_select,prim_connait_ecol_second,R D3 P 45
231695,primaire_select,prim_connait_ecol_second,R D3 P 45
231696,primaire_select,prim_connait_ecol_second,R D3 P 45
231698,primaire_select,prim_connait_ecol_second,R D3 P 45
231700,primaire_select,prim_connait_ecol_second,R D3 P 45
231702,primaire_select,prim_connait_ecol_second,R D3 P 45
231703,primaire_select,prim_connait_ecol_second,R D3 7B P
231704,primaire_select,prim_connait_ecol_second,R D3 7B P
231705,primaire_select,prim_connait_ecol_second,R D3 7B P
231706,primaire_select,prim_connait_ecol_second,R D3 7B P
231707,primaire_select,prim_connait_ecol_second,R D3 7B P
231708,primaire_select,prim_connait_ecol_second,R D3 7B P
231709,primaire_select,prim_connait_ecol_second,R D3 7B P
231711,primaire_select,prim_connait_ecol_second,R D3 7B P
231713,primaire_select,prim_connait_ecol_second,R D3 7B P
231715,primaire_select,prim_connait_ecol_second,R D3 7B P
231717,primaire_select,prim_connait_ecol_second,R D3 7B P
231719,primaire_select,prim_connait_ecol_second,R D3 7B P
231721,primaire_select,prim_connait_ecol_second,R D3 7B P
231723,primaire_select,prim_connait_ecol_second,R D3 7B P
231727,primaire_select,prim_connait_ecol_second,R D3 7B P
231728,primaire_select,prim_connait_ecol_second,R D3 7B P
231729,primaire_select,prim_connait_ecol_second,R D3 7B P
231730,primaire_select,prim_connait_ecol_second,R D3 7B P
231731,primaire_select,prim_connait_ecol_second,R D3 7B P
231733,primaire_select,prim_connait_ecol_second,R D3 7B P
231735,primaire_select,prim_connait_ecol_second,R D3 7B P
231737,primaire_select,prim_connait_ecol_second,R D3 7B P
231739,primaire_select,prim_connait_ecol_second,R D3 7B P
231741,primaire_select,prim_connait_ecol_second,R D3 7B P
231743,primaire_select,prim_connait_ecol_second,R D3 7B P
231745,primaire_select,prim_connait_ecol_second,R D3 7B P
231747,primaire_select,prim_connait_ecol_second,R D3 7B P
231749,primaire_select,prim_connait_ecol_second,R D3 7B P
231750,primaire_select,prim_connait_ecol_second,R D3 7B P
231751,primaire_select,prim_connait_ecol_second,R D3 7B P
231753,primaire_select,prim_connait_ecol_second,R D3 7B P
231755,primaire_select,prim_connait_ecol_second,R D3 7B P
231756,primaire_select,prim_connait_ecol_second,R D3 7B P
231757,primaire_select,prim_connait_ecol_second,R D3 7B P
231760,primaire_select,prim_connait_ecol_second,R D3 7B P
231767,primaire_select,prim_connait_ecol_second,R D3 7B P
231777,primaire_select,prim_connait_ecol_second,R D3 7B P
231779,primaire_select,prim_connait_ecol_second,R D3 7B P
231781,primaire_select,prim_connait_ecol_second,R D3 7B P
231783,primaire_select,prim_connait_ecol_second,R D3 7B P
231785,primaire_select,prim_connait_ecol_second,R D3 7B P
231786,primaire_select,prim_connait_ecol_second,R D3 7B P
231787,primaire_select,prim_connait_ecol_second,R D3 7B P
231789,primaire_select,prim_connait_ecol_second,R D3 7B P
231790,primaire_select,prim_connait_ecol_second,R D3 7B P
231791,primaire_select,prim_connait_ecol_second,R D3 7B P
231792,primaire_select,prim_connait_ecol_second,R D3 7B P
231794,primaire_select,prim_connait_ecol_second,R D3 7B P
231796,primaire_select,prim_connait_ecol_second,R D3 7B P
231798,primaire_select,prim_connait_ecol_second,R D3 7B P
231800,primaire_select,prim_connait_ecol_second,R D3 7B P
231802,primaire_select,prim_connait_ecol_second,R D3 7B P
231804,primaire_select,prim_connait_ecol_second,R D3 7B P
231806,primaire_select,prim_connait_ecol_second,R D3 7B P
231807,primaire_select,prim_connait_ecol_second,R D3 7B P
231809,primaire_select,prim_connait_ecol_second,R D3 7B P
231811,primaire_select,prim_connait_ecol_second,R D3 7B P
231813,primaire_select,prim_connait_ecol_second,R D3 7B P
231815,primaire_select,prim_connait_ecol_second,R D3 7B P
231817,primaire_select,prim_connait_ecol_second,R D3 7B P
231819,primaire_select,prim_connait_ecol_second,R D3 7B P
231821,primaire_select,prim_connait_ecol_second,R D3 7B P
231822,primaire_select,prim_connait_ecol_second,R D3 7B P
231823,primaire_select,prim_connait_ecol_second,R D3 7B P
231825,primaire_select,prim_connait_ecol_second,R D3 7B P
231827,primaire_select,prim_connait_ecol_second,R D3 7B P
231829,primaire_select,prim_connait_ecol_second,R D3 7B P
231831,primaire_select,prim_connait_ecol_second,R D3 7B P
231832,primaire_select,prim_connait_ecol_second,R D3 7B P
231836,primaire_select,prim_connait_ecol_second,R D3 7B P
231838,primaire_select,prim_connait_ecol_second,R D3 7B P
231840,primaire_select,prim_connait_ecol_second,R D3 7B P
231845,primaire_select,prim_connait_ecol_second,R D3 7 TQ
231846,primaire_select,prim_connait_ecol_second,R D3 7 TQ
231847,primaire_select,prim_connait_ecol_second,R D3 7 TQ
231848,primaire_select,prim_connait_ecol_second,R D3 7 TQ
231849,primaire_select,prim_connait_ecol_second,R D3 7 TQ
231852,primaire_select,prim_connait_ecol_second,R D3 7 TQ
231854,primaire_select,prim_connait_ecol_second,R D3 7 TQ
231860,primaire_select,prim_connait_ecol_second,R D3 7 TQ
231862,primaire_select,prim_connait_ecol_second,R D3 7 TQ
231863,primaire_select,prim_connait_ecol_second,R D3 7 TQ
231865,primaire_select,prim_connait_ecol_second,R D3 7 TQ
231868,primaire_select,prim_connait_ecol_second,R D3 7 TQ
231869,primaire_select,prim_connait_ecol_second,R D3 7 TQ
231870,primaire_select,prim_connait_ecol_second,R D3 7 TQ
231871,primaire_select,prim_connait_ecol_second,R D3 7 TQ
231873,primaire_select,prim_connait_ecol_second,R D3 7 TQ
231877,primaire_select,prim_connait_ecol_second,R D3 7 TQ
231879,primaire_select,prim_connait_ecol_second,R D3 7 TQ
231881,primaire_select,prim_connait_ecol_second,R D3 7 TQ
231883,primaire_select,prim_connait_ecol_second,R D3 7 TQ
231885,primaire_select,prim_connait_ecol_second,R D3 7 TQ
231887,primaire_select,prim_connait_ecol_second,R D3 7 TQ
231889,primaire_select,prim_connait_ecol_second,R D3 6 TQ
231891,primaire_select,prim_connait_ecol_second,R D3 6 P
231893,primaire_select,prim_connait_ecol_second,R D3 6 P
231895,primaire_select,prim_connait_ecol_second,R D3 6 P
231897,primaire_select,prim_connait_ecol_second,R D3 6 P
231898,primaire_select,prim_connait_ecol_second,R D3 6 P
231900,primaire_select,prim_connait_ecol_second,R D3 6 P
231902,primaire_select,prim_connait_ecol_second,R D3 6 P
231903,primaire_select,prim_connait_ecol_second,R D3 6 P
231904,primaire_select,prim_connait_ecol_second,R D3 6 P
231905,primaire_select,prim_connait_ecol_second,R D3 6 P
231906,primaire_select,prim_connait_ecol_second,R D3 6 P
231909,primaire_select,prim_connait_ecol_second,R D3 6 P
231911,primaire_select,prim_connait_ecol_second,R D3 6 P
231914,primaire_select,prim_connait_ecol_second,R D3 6 P
231916,primaire_select,prim_connait_ecol_second,R D3 6 P
231925,primaire_select,prim_connait_ecol_second,R D3 5 TQ
231926,primaire_select,prim_connait_ecol_second,R D3 5 TQ
231927,primaire_select,prim_connait_ecol_second,R D3 5 TQ
231928,primaire_select,prim_connait_ecol_second,R D3 5 TQ
231931,primaire_select,prim_connait_ecol_second,R D3 5 TQ
231934,primaire_select,prim_connait_ecol_second,R D3 5 TQ
231936,primaire_select,prim_connait_ecol_second,R D3 5 TQ
231937,primaire_select,prim_connait_ecol_second,R D3 5 TQ
231938,primaire_select,prim_connait_ecol_second,R D3 5 TQ
231940,primaire_select,prim_connait_ecol_second,R D3 5 P
231942,primaire_select,prim_connait_ecol_second,R D3 5 P
231944,primaire_select,prim_connait_ecol_second,R D3 5 P
231946,primaire_select,prim_connait_ecol_second,R D3 5 P
231951,primaire_select,prim_connait_ecol_second,R D3 5 P
231953,primaire_select,prim_connait_ecol_second,R D3 5 P
231955,primaire_select,prim_connait_ecol_second,R D3 5 P
231957,primaire_select,prim_connait_ecol_second,R D3 5 P
231962,primaire_select,prim_connait_ecol_second,R D3 5 P
231963,primaire_select,prim_connait_ecol_second,R D3 5 P
231964,primaire_select,prim_connait_ecol_second,R D3 5 P
231965,primaire_select,prim_connait_ecol_second,R D3 5 P
231968,primaire_select,prim_connait_ecol_second,R D3 5 P
231969,primaire_select,prim_connait_ecol_second,R D3 5 P
231971,primaire_select,prim_connait_ecol_second,R D3 5 P
231973,primaire_select,prim_connait_ecol_second,R D3 5 P
231974,primaire_select,prim_connait_ecol_second,R D3 5 P
231976,primaire_select,prim_connait_ecol_second,R D3 5 P
231979,primaire_select,prim_connait_ecol_second,R D3 5 P
231981,primaire_select,prim_connait_ecol_second,R D3 5 P
231983,primaire_select,prim_connait_ecol_second,R D3 5 P
231985,primaire_select,prim_connait_ecol_second,R D3 5 P
231986,primaire_select,prim_connait_ecol_second,R D3 5 P
231987,primaire_select,prim_connait_ecol_second,R D3 5 P
231988,primaire_select,prim_connait_ecol_second,R D3 5 P
231989,primaire_select,prim_connait_ecol_second,R D3 5 P
231990,primaire_select,prim_connait_ecol_second,R D3 5 P
231992,primaire_select,prim_connait_ecol_second,R D3 5 P
231994,primaire_select,prim_connait_ecol_second,R D3 5 P
231996,primaire_select,prim_connait_ecol_second,R D3 5 P
231998,primaire_select,prim_connait_ecol_second,R D3 5 P
232001,primaire_select,prim_connait_ecol_second,R D3 5 P
232006,primaire_select,prim_connait_ecol_second,R D3 5 P
232008,primaire_select,prim_connait_ecol_second,R D3 5 P
232009,primaire_select,prim_connait_ecol_second,R D3 5 P
232010,primaire_select,prim_connait_ecol_second,R D3 5 P
232012,primaire_select,prim_connait_ecol_second,R D3 5 P
232014,primaire_select,prim_connait_ecol_second,R D3 5 P
232023,primaire_select,prim_connait_ecol_second,R D3 5 P
232025,primaire_select,prim_connait_ecol_second,R D3 5 P
232026,primaire_select,prim_connait_ecol_second,R D3 5 P
232028,primaire_select,prim_connait_ecol_second,R D3 5 P
232030,primaire_select,prim_connait_ecol_second,R D3 5 P
232032,primaire_select,prim_connait_ecol_second,R D3 5 P
232034,primaire_select,prim_connait_ecol_second,R D3 5 P
232036,primaire_select,prim_connait_ecol_second,R D3 5 P
232037,primaire_select,prim_connait_ecol_second,R D3 5 P
232038,primaire_select,prim_connait_ecol_second,R D3 5 P
232039,primaire_select,prim_connait_ecol_second,R D3 5 P
232040,primaire_select,prim_connait_ecol_second,R D3 5 P
232041,primaire_select,prim_connait_ecol_second,R D3 5 P
232043,primaire_select,prim_connait_ecol_second,R D3 5 P
232045,primaire_select,prim_connait_ecol_second,R D3 5 P
232046,primaire_select,prim_connait_ecol_second,R D3 5 P
232047,primaire_select,prim_connait_ecol_second,R D3 5 P
232048,primaire_select,prim_connait_ecol_second,R D2 P 45
232049,primaire_select,prim_connait_ecol_second,R D2 P 45
232051,primaire_select,prim_connait_ecol_second,R D2 P 45
232053,primaire_select,prim_connait_ecol_second,R D2 P 45
232056,primaire_select,prim_connait_ecol_second,R D2 P 45
232058,primaire_select,prim_connait_ecol_second,R D2 P 45
232060,primaire_select,prim_connait_ecol_second,R D2 P 45
232062,primaire_select,prim_connait_ecol_second,R D2 P 45
232063,primaire_select,prim_connait_ecol_second,R D2 P 45
232064,primaire_select,prim_connait_ecol_second,R D2 P 45
232066,primaire_select,prim_connait_ecol_second,R D2 P 45
232068,primaire_select,prim_connait_ecol_second,R D2 P 45
232076,primaire_select,prim_connait_ecol_second,R D2 P 45
232077,primaire_select,prim_connait_ecol_second,R D2 P 45
232081,primaire_select,prim_connait_ecol_second,R D2 P 45
232082,primaire_select,prim_connait_ecol_second,R D2 P 45
232083,primaire_select,prim_connait_ecol_second,R D2 P 45
232084,primaire_select,prim_connait_ecol_second,R D2 P 45
232085,primaire_select,prim_connait_ecol_second,R D2 P 45
232086,primaire_select,prim_connait_ecol_second,R D2 P 45
232087,primaire_select,prim_connait_ecol_second,R D2 P 45
232088,primaire_select,prim_connait_ecol_second,R D2 P 45
232089,primaire_select,prim_connait_ecol_second,R D2 P 45
232090,primaire_select,prim_connait_ecol_second,R D2 P 45
232091,primaire_select,prim_connait_ecol_second,R D2 P 45
232092,primaire_select,prim_connait_ecol_second,R D2 P 45
232093,primaire_select,prim_connait_ecol_second,R D2 P 45
232094,primaire_select,prim_connait_ecol_second,R D2 P 45
232096,primaire_select,prim_connait_ecol_second,R D2 P 45
232097,primaire_select,prim_connait_ecol_second,R D2 P 45
232098,primaire_select,prim_connait_ecol_second,R D2 P 45
232099,primaire_select,prim_connait_ecol_second,R D2 P 45
232100,primaire_select,prim_connait_ecol_second,R D2 P 45
232102,primaire_select,prim_connait_ecol_second,R D2 P 45
232103,primaire_select,prim_connait_ecol_second,R D2 P 45
232104,primaire_select,prim_connait_ecol_second,R D2 P 45
232105,primaire_select,prim_connait_ecol_second,R D2 P 45
232106,primaire_select,prim_connait_ecol_second,R D2 P 45
232107,primaire_select,prim_connait_ecol_second,R D2 P 45
232108,primaire_select,prim_connait_ecol_second,R D2 P 45
232109,primaire_select,prim_connait_ecol_second,R D2 P 45
232110,primaire_select,prim_connait_ecol_second,R D2 P 45
232112,primaire_select,prim_connait_ecol_second,R D2 P 45
232113,primaire_select,prim_connait_ecol_second,R D2 P 45
232114,primaire_select,prim_connait_ecol_second,R D2 P 45
232115,primaire_select,prim_connait_ecol_second,R D2 P 45
232116,primaire_select,prim_connait_ecol_second,R D2 P 45
232117,primaire_select,prim_connait_ecol_second,R D2 P 45
232118,primaire_select,prim_connait_ecol_second,R D2 P 45
232119,primaire_select,prim_connait_ecol_second,R D2 P 45
232121,primaire_select,prim_connait_ecol_second,R D2 P 45
232122,primaire_select,prim_connait_ecol_second,R D2 P 45
232123,primaire_select,prim_connait_ecol_second,R D2 P 45
232124,primaire_select,prim_connait_ecol_second,R D2 P 45
232125,primaire_select,prim_connait_ecol_second,R D2 P 45
232126,primaire_select,prim_connait_ecol_second,R D2 P 45
232130,primaire_select,prim_connait_ecol_second,R D2 P 45
232131,primaire_select,prim_connait_ecol_second,R D2 P 45
232132,primaire_select,prim_connait_ecol_second,R D2 P 45
232133,primaire_select,prim_connait_ecol_second,R D2 P 45
232134,primaire_select,prim_connait_ecol_second,R D2 P 45
232135,primaire_select,prim_connait_ecol_second,R D2 P 45
232136,primaire_select,prim_connait_ecol_second,R D2 P 45
232137,primaire_select,prim_connait_ecol_second,R D2 P 45
232139,primaire_select,prim_connait_ecol_second,R D2 P 45
232140,primaire_select,prim_connait_ecol_second,R D2 P 45
232143,primaire_select,prim_connait_ecol_second,R D2 P 45
232145,primaire_select,prim_connait_ecol_second,R D2 P 45
232148,primaire_select,prim_connait_ecol_second,R D2 P 45
232149,primaire_select,prim_connait_ecol_second,R D2 P 45
232150,primaire_select,prim_connait_ecol_second,R D2 P 45
232151,primaire_select,prim_connait_ecol_second,R D2 P 45
232153,primaire_select,prim_connait_ecol_second,R D2 P 45
232154,primaire_select,prim_connait_ecol_second,R D2 P 45
232155,primaire_select,prim_connait_ecol_second,R D2 P 45
232156,primaire_select,prim_connait_ecol_second,R D2 P 45
232158,primaire_select,prim_connait_ecol_second,R D2 P 45
232159,primaire_select,prim_connait_ecol_second,R D2 P 45
232160,primaire_select,prim_connait_ecol_second,R D2 P 45
232161,primaire_select,prim_connait_ecol_second,R D2 P 45
232162,primaire_select,prim_connait_ecol_second,R D2 P 45
232163,primaire_select,prim_connait_ecol_second,R D2 4 P
232174,primaire_select,prim_connait_ecol_second,R D2 4 P
232175,primaire_select,prim_connait_ecol_second,R D2 4 P
232176,primaire_select,prim_connait_ecol_second,R D2 4 P
232177,primaire_select,prim_connait_ecol_second,R D2 4 P
232178,primaire_select,prim_connait_ecol_second,R D2 4 P
232184,primaire_select,prim_connait_ecol_second,R D2 4 P
232185,primaire_select,prim_connait_ecol_second,R D2 4 P
232186,primaire_select,prim_connait_ecol_second,R D2 4 P
232187,primaire_select,prim_connait_ecol_second,R D2 4 P
232188,primaire_select,prim_connait_ecol_second,R D2 4 P
232191,primaire_select,prim_connait_ecol_second,R D2 4 P
232193,primaire_select,prim_connait_ecol_second,R D2 4 P
232195,primaire_select,prim_connait_ecol_second,R D2 4 P
232199,primaire_select,prim_connait_ecol_second,R D2 4 P
232200,primaire_select,prim_connait_ecol_second,R D2 4 P
232206,primaire_select,prim_connait_ecol_second,R D2 3 P
232209,primaire_select,prim_connait_ecol_second,R D2 3 P
232212,primaire_select,prim_connait_ecol_second,R D2 3 P
232213,primaire_select,prim_connait_ecol_second,R D2 3 P
232214,primaire_select,prim_connait_ecol_second,R D2 3 P
232215,primaire_select,prim_connait_ecol_second,R D2 3 P
232216,primaire_select,prim_connait_ecol_second,R D2 3 P
232217,primaire_select,prim_connait_ecol_second,R D2 3 P
232218,primaire_select,prim_connait_ecol_second,R D2 3 P
232219,primaire_select,prim_connait_ecol_second,R D2 3 P
232223,primaire_select,prim_connait_ecol_second,R D2 3 P
232224,primaire_select,prim_connait_ecol_second,R D2 3 P
232225,primaire_select,prim_connait_ecol_second,R D2 3 P
232226,primaire_select,prim_connait_ecol_second,R D2 3 P
232227,primaire_select,prim_connait_ecol_second,R D2 3 P
232229,primaire_select,prim_connait_ecol_second,R D2 3 P
232230,primaire_select,prim_connait_ecol_second,R D2 3 P
232231,primaire_select,prim_connait_ecol_second,R D2 3 P
232232,primaire_select,prim_connait_ecol_second,R D2 3 P
232233,primaire_select,prim_connait_ecol_second,1 DQ 6 TQ
232234,primaire_select,prim_connait_ecol_second,1 DQ 6 TQ
232235,primaire_select,prim_connait_ecol_second,1 DQ 6 TQ
232237,primaire_select,prim_connait_ecol_second,1 DQ 6 TQ
232238,primaire_select,prim_connait_ecol_second,1 DQ 6 TQ
232239,primaire_select,prim_connait_ecol_second,1 DQ 6 TQ
232240,primaire_select,prim_connait_ecol_second,1 DQ 6 TQ
232241,primaire_select,prim_connait_ecol_second,1 DQ 6 TQ
232242,primaire_select,prim_connait_ecol_second,1 DQ 6 TQ
232243,primaire_select,prim_connait_ecol_second,1 DQ 6 TQ
232244,primaire_select,prim_connait_ecol_second,1 DQ 6 TQ
232246,primaire_select,prim_connait_ecol_second,1 DQ 6 TQ
232247,primaire_select,prim_connait_ecol_second,1 DQ 6 TQ
232248,primaire_select,prim_connait_ecol_second,1 DQ 6 P
232249,primaire_select,prim_connait_ecol_second,1 DQ 6 P
232250,primaire_select,prim_connait_ecol_second,1 DQ 6 P
232251,primaire_select,prim_connait_ecol_second,1 DQ 6 P
232256,primaire_select,prim_connait_ecol_second,1 DQ 6 P
232257,primaire_select,prim_connait_ecol_second,1 DQ 5 TQ
232258,primaire_select,prim_connait_ecol_second,1 DQ 5 TQ
232259,primaire_select,prim_connait_ecol_second,1 DQ 5 TQ
232260,primaire_select,prim_connait_ecol_second,1 DQ 5 TQ
232261,primaire_select,prim_connait_ecol_second,1 DQ 5 TQ
232262,primaire_select,prim_connait_ecol_second,1 DQ 5 TQ
232263,primaire_select,prim_connait_ecol_second,1 DQ 5 TQ
232265,primaire_select,prim_connait_ecol_second,1 DQ 5 P
232267,primaire_select,prim_connait_ecol_second,1 DQ 5 P
232268,primaire_select,prim_connait_ecol_second,1 DQ 5 P
232269,primaire_select,prim_connait_ecol_second,1 DQ 5 P
232270,primaire_select,prim_connait_ecol_second,1 DQ 5 P
232272,primaire_select,prim_connait_ecol_second,1 DQ 5 P
232274,primaire_select,prim_connait_ecol_second,1 DQ 5 P
232276,primaire_select,prim_connait_ecol_second,1 DQ 5 P
232277,primaire_select,prim_connait_ecol_second,1 DQ 5 P
232278,primaire_select,prim_connait_ecol_second,1 DQ 5 P
232279,primaire_select,prim_connait_ecol_second,1 DQ 5 P
232280,primaire_select,prim_connait_ecol_second,1 DQ 5 P
232281,primaire_select,prim_connait_ecol_second,1 DQ 5 P
232286,primaire_select,prim_connait_ecol_second,1 DQ 5 P
232288,primaire_select,prim_connait_ecol_second,1 DQ 4 TQ
232290,primaire_select,prim_connait_ecol_second,1 DQ 4 TQ
232292,primaire_select,prim_connait_ecol_second,1 DQ 4 TQ
232293,primaire_select,prim_connait_ecol_second,1 DQ 4 TQ
232296,primaire_select,prim_connait_ecol_second,1 DQ 4 TQ
232297,primaire_select,prim_connait_ecol_second,1 DQ 4 TQ
232300,primaire_select,prim_connait_ecol_second,1 DQ 4 TQ
232301,primaire_select,prim_connait_ecol_second,1 DQ 4 TQ
232303,primaire_select,prim_connait_ecol_second,1 DQ 4 TQ
232304,primaire_select,prim_connait_ecol_second,1 DQ 4 TQ
232305,primaire_select,prim_connait_ecol_second,1 DQ 4 TQ
232306,primaire_select,prim_connait_ecol_second,1 DQ 4 TQ
232315,primaire_select,prim_connait_ecol_second,1 DQ 4 TQ
232316,primaire_select,prim_connait_ecol_second,1 DQ 4 P
232317,primaire_select,prim_connait_ecol_second,1 DQ 4 P
232318,primaire_select,prim_connait_ecol_second,1 DQ 4 P
232319,primaire_select,prim_connait_ecol_second,1 DQ 4 P
232320,primaire_select,prim_connait_ecol_second,1 DQ 4 P
232321,primaire_select,prim_connait_ecol_second,1 DQ 4 P
232322,primaire_select,prim_connait_ecol_second,1 DQ 4 P
232323,primaire_select,prim_connait_ecol_second,1 DQ 4 P
232324,primaire_select,prim_connait_ecol_second,1 DQ 4 P
232325,primaire_select,prim_connait_ecol_second,1 DQ 4 P
232326,primaire_select,prim_connait_ecol_second,1 DQ 4 P
232327,primaire_select,prim_connait_ecol_second,1 DQ 4 P
232328,primaire_select,prim_connait_ecol_second,1 DQ 4 P
232329,primaire_select,prim_connait_ecol_second,1 DQ 4 P
232330,primaire_select,prim_connait_ecol_second,1 DQ 4 P
232331,primaire_select,prim_connait_ecol_second,1 DQ 4 P
232332,primaire_select,prim_connait_ecol_second,1 DQ 4 P
232333,primaire_select,prim_connait_ecol_second,1 DQ 4 P
232334,primaire_select,prim_connait_ecol_second,1 DQ 4 P
232335,primaire_select,prim_connait_ecol_second,1 DQ 4 P
232336,primaire_select,prim_connait_ecol_second,1 DQ 4 P
232337,primaire_select,prim_connait_ecol_second,1 DQ 4 P
232339,primaire_select,prim_connait_ecol_second,1 DQ 4 P
232340,primaire_select,prim_connait_ecol_second,1 DQ 4 P
232341,primaire_select,prim_connait_ecol_second,1 DQ 4 P
232342,primaire_select,prim_connait_ecol_second,1 DQ 4 P
232343,primaire_select,prim_connait_ecol_second,1 DQ 4 P
232344,primaire_select,prim_connait_ecol_second,1 DQ 4 P
232345,primaire_select,prim_connait_ecol_second,1 DQ 4 P
232347,primaire_select,prim_connait_ecol_second,1 DQ 4 P
232348,primaire_select,prim_connait_ecol_second,1 DQ 4 P
232349,primaire_select,prim_connait_ecol_second,1 DQ 4 P
232350,primaire_select,prim_connait_ecol_second,1 DQ 4 P
232351,primaire_select,prim_connait_ecol_second,1 DQ 4 P
232353,primaire_select,prim_connait_ecol_second,1 D3 7PES
232354,primaire_select,prim_connait_ecol_second,1 D3 7PES
232355,primaire_select,prim_connait_ecol_second,1 D3 7PES
232356,primaire_select,prim_connait_ecol_second,1 D3 7PES
232357,primaire_select,prim_connait_ecol_second,1 D3 7L G
232358,primaire_select,prim_connait_ecol_second,1 D3 7C P
232359,primaire_select,prim_connait_ecol_second,1 D3 7C P
232360,primaire_select,prim_connait_ecol_second,1 D3 7C P
232363,primaire_select,prim_connait_ecol_second,1 D3 7C P
232364,primaire_select,prim_connait_ecol_second,1 D3 7C P
232366,primaire_select,prim_connait_ecol_second,1 D3 7C P
232367,primaire_select,prim_connait_ecol_second,1 D3 7C P
232369,primaire_select,prim_connait_ecol_second,1 D3 7C P
232370,primaire_select,prim_connait_ecol_second,1 D3 7B P
232371,primaire_select,prim_connait_ecol_second,1 D3 7B P
232372,primaire_select,prim_connait_ecol_second,1 D3 7B P
232373,primaire_select,prim_connait_ecol_second,1 D3 7B P
232374,primaire_select,prim_connait_ecol_second,1 D3 7B P
232375,primaire_select,prim_connait_ecol_second,1 D3 7B P
232376,primaire_select,prim_connait_ecol_second,1 D3 7B P
232379,primaire_select,prim_connait_ecol_second,1 D3 7B P
232382,primaire_select,prim_connait_ecol_second,1 D3 7B P
232384,primaire_select,prim_connait_ecol_second,1 D3 7B P
232385,primaire_select,prim_connait_ecol_second,1 D3 7B P
232386,primaire_select,prim_connait_ecol_second,1 D3 7B P
232387,primaire_select,prim_connait_ecol_second,1 D3 7B P
232388,primaire_select,prim_connait_ecol_second,1 D3 7B P
232389,primaire_select,prim_connait_ecol_second,1 D3 7B P
232392,primaire_select,prim_connait_ecol_second,1 D3 7B P
232393,primaire_select,prim_connait_ecol_second,1 D3 7B P
232394,primaire_select,prim_connait_ecol_second,1 D3 7B P
232395,primaire_select,prim_connait_ecol_second,1 D3 7B P
232396,primaire_select,prim_connait_ecol_second,1 D3 7B P
232397,primaire_select,prim_connait_ecol_second,1 D3 7B P
232398,primaire_select,prim_connait_ecol_second,1 D3 7B P
232399,primaire_select,prim_connait_ecol_second,1 D3 7B P
232400,primaire_select,prim_connait_ecol_second,1 D3 7B P
232401,primaire_select,prim_connait_ecol_second,1 D3 7B P
232402,primaire_select,prim_connait_ecol_second,1 D3 7B P
232403,primaire_select,prim_connait_ecol_second,1 D3 7B P
232404,primaire_select,prim_connait_ecol_second,1 D3 7B P
232405,primaire_select,prim_connait_ecol_second,1 D3 7B P
232406,primaire_select,prim_connait_ecol_second,1 D3 7B P
232409,primaire_select,prim_connait_ecol_second,1 D3 7B P
232410,primaire_select,prim_connait_ecol_second,1 D3 7B P
232412,primaire_select,prim_connait_ecol_second,1 D3 7B P
232413,primaire_select,prim_connait_ecol_second,1 D3 7B P
232414,primaire_select,prim_connait_ecol_second,1 D3 7B P
232417,primaire_select,prim_connait_ecol_second,1 D3 7B P
232418,primaire_select,prim_connait_ecol_second,1 D3 7B P
232419,primaire_select,prim_connait_ecol_second,1 D3 7B P
232420,primaire_select,prim_connait_ecol_second,1 D3 7B P
232421,primaire_select,prim_connait_ecol_second,1 D3 7B P
232422,primaire_select,prim_connait_ecol_second,1 D3 7B P
232423,primaire_select,prim_connait_ecol_second,1 D3 7B P
232425,primaire_select,prim_connait_ecol_second,1 D3 7B P
232426,primaire_select,prim_connait_ecol_second,1 D3 7B P
232427,primaire_select,prim_connait_ecol_second,1 D3 7B P
232428,primaire_select,prim_connait_ecol_second,1 D3 7B P
232429,primaire_select,prim_connait_ecol_second,1 D3 7B P
232430,primaire_select,prim_connait_ecol_second,1 D3 7B P
232431,primaire_select,prim_connait_ecol_second,1 D3 7B P
232432,primaire_select,prim_connait_ecol_second,1 D3 7B P
232433,primaire_select,prim_connait_ecol_second,1 D3 7B P
232435,primaire_select,prim_connait_ecol_second,1 D3 7B P
232438,primaire_select,prim_connait_ecol_second,1 D3 7B P
232440,primaire_select,prim_connait_ecol_second,1 D3 7B P
232441,primaire_select,prim_connait_ecol_second,1 D3 7B P
232443,primaire_select,prim_connait_ecol_second,1 D3 7B P
232444,primaire_select,prim_connait_ecol_second,1 D3 7B P
232445,primaire_select,prim_connait_ecol_second,1 D3 7B P
232446,primaire_select,prim_connait_ecol_second,1 D3 7B P
232447,primaire_select,prim_connait_ecol_second,1 D3 7B P
232448,primaire_select,prim_connait_ecol_second,1 D3 7B P
232449,primaire_select,prim_connait_ecol_second,1 D3 7B P
232450,primaire_select,prim_connait_ecol_second,1 D3 7B P
232451,primaire_select,prim_connait_ecol_second,1 D3 7B P
232452,primaire_select,prim_connait_ecol_second,1 D3 7B P
232453,primaire_select,prim_connait_ecol_second,1 D3 7B P
232454,primaire_select,prim_connait_ecol_second,1 D3 7B P
232455,primaire_select,prim_connait_ecol_second,1 D3 7B P
232456,primaire_select,prim_connait_ecol_second,1 D3 7B P
232457,primaire_select,prim_connait_ecol_second,1 D3 7B P
232458,primaire_select,prim_connait_ecol_second,1 D3 7B P
232459,primaire_select,prim_connait_ecol_second,1 D3 7B P
232460,primaire_select,prim_connait_ecol_second,1 D3 7B P
232461,primaire_select,prim_connait_ecol_second,1 D3 7B P
232462,primaire_select,prim_connait_ecol_second,1 D3 7B P
232463,primaire_select,prim_connait_ecol_second,1 D3 7B P
232464,primaire_select,prim_connait_ecol_second,1 D3 7B P
232465,primaire_select,prim_connait_ecol_second,1 D3 7B P
232466,primaire_select,prim_connait_ecol_second,1 D3 7B P
232467,primaire_select,prim_connait_ecol_second,1 D3 7B P
232468,primaire_select,prim_connait_ecol_second,1 D3 7B P
232469,primaire_select,prim_connait_ecol_second,1 D3 7B P
232470,primaire_select,prim_connait_ecol_second,1 D3 7B P
232471,primaire_select,prim_connait_ecol_second,1 D3 7B P
232472,primaire_select,prim_connait_ecol_second,1 D3 7B P
232473,primaire_select,prim_connait_ecol_second,1 D3 7B P
232474,primaire_select,prim_connait_ecol_second,1 D3 7B P
232475,primaire_select,prim_connait_ecol_second,1 D3 7B P
232476,primaire_select,prim_connait_ecol_second,1 D3 7B P
232477,primaire_select,prim_connait_ecol_second,1 D3 7B P
232478,primaire_select,prim_connait_ecol_second,1 D3 7B P
232479,primaire_select,prim_connait_ecol_second,1 D3 7B P
232480,primaire_select,prim_connait_ecol_second,1 D3 7B P
232481,primaire_select,prim_connait_ecol_second,1 D3 7B P
232482,primaire_select,prim_connait_ecol_second,1 D3 7B P
232483,primaire_select,prim_connait_ecol_second,1 D3 7B P
232484,primaire_select,prim_connait_ecol_second,1 D3 7B P
232485,primaire_select,prim_connait_ecol_second,1 D3 7B P
232486,primaire_select,prim_connait_ecol_second,1 D3 7B P
232487,primaire_select,prim_connait_ecol_second,1 D3 7B P
232488,primaire_select,prim_connait_ecol_second,1 D3 7B P
232498,primaire_select,prim_connait_ecol_second,1 D3 7B P
232499,primaire_select,prim_connait_ecol_second,1 D3 7B P
232500,primaire_select,prim_connait_ecol_second,1 D3 7B P
232501,primaire_select,prim_connait_ecol_second,1 D3 7B P
232502,primaire_select,prim_connait_ecol_second,1 D3 7 TQ
232503,primaire_select,prim_connait_ecol_second,1 D3 7 TQ
232504,primaire_select,prim_connait_ecol_second,1 D3 7 TQ
232505,primaire_select,prim_connait_ecol_second,1 D3 7 TQ
232506,primaire_select,prim_connait_ecol_second,1 D3 7 TQ
232508,primaire_select,prim_connait_ecol_second,1 D3 7 TQ
232509,primaire_select,prim_connait_ecol_second,1 D3 7 TQ
232510,primaire_select,prim_connait_ecol_second,1 D3 7 TQ
232511,primaire_select,prim_connait_ecol_second,1 D3 7 TQ
232512,primaire_select,prim_connait_ecol_second,1 D3 7 TQ
232513,primaire_select,prim_connait_ecol_second,1 D3 7 TQ
232515,primaire_select,prim_connait_ecol_second,1 D3 7 TQ
232516,primaire_select,prim_connait_ecol_second,1 D3 7 TQ
232517,primaire_select,prim_connait_ecol_second,1 D3 7 TQ
232518,primaire_select,prim_connait_ecol_second,1 D3 7 TQ
232519,primaire_select,prim_connait_ecol_second,1 D3 7 TQ
232520,primaire_select,prim_connait_ecol_second,1 D3 7 TQ
232521,primaire_select,prim_connait_ecol_second,1 D3 7 TQ
232523,primaire_select,prim_connait_ecol_second,1 D3 7 TQ
232524,primaire_select,prim_connait_ecol_second,1 D3 7 TQ
232525,primaire_select,prim_connait_ecol_second,1 D3 7 TQ
232526,primaire_select,prim_connait_ecol_second,1 D3 7 TQ
232528,primaire_select,prim_connait_ecol_second,1 D3 7 TQ
232529,primaire_select,prim_connait_ecol_second,1 D3 7 TQ
232530,primaire_select,prim_connait_ecol_second,1 D3 7 TQ
232531,primaire_select,prim_connait_ecol_second,1 D3 7 TQ
232532,primaire_select,prim_connait_ecol_second,1 D3 7 TQ
232533,primaire_select,prim_connait_ecol_second,1 D3 7 TQ
232534,primaire_select,prim_connait_ecol_second,1 D3 7 TQ
232535,primaire_select,prim_connait_ecol_second,1 D3 7 TQ
232536,primaire_select,prim_connait_ecol_second,1 D3 7 TQ
232537,primaire_select,prim_connait_ecol_second,1 D3 7 TQ
232538,primaire_select,prim_connait_ecol_second,1 D3 7 TQ
232540,primaire_select,prim_connait_ecol_second,1 D3 7 TQ
232541,primaire_select,prim_connait_ecol_second,1 D3 7 TQ
232542,primaire_select,prim_connait_ecol_second,1 D3 7 TQ
232543,primaire_select,prim_connait_ecol_second,1 D3 7 TQ
232544,primaire_select,prim_connait_ecol_second,1 D3 7 TQ
232545,primaire_select,prim_connait_ecol_second,1 D3 7 TQ
232546,primaire_select,prim_connait_ecol_second,1 D3 7 TQ
232547,primaire_select,prim_connait_ecol_second,1 D3 7 TQ
232548,primaire_select,prim_connait_ecol_second,1 D3 6 TT
232549,primaire_select,prim_connait_ecol_second,1 D3 6 TT
232550,primaire_select,prim_connait_ecol_second,1 D3 6 TT
232551,primaire_select,prim_connait_ecol_second,1 D3 6 TT
232552,primaire_select,prim_connait_ecol_second,1 D3 6 TT
232553,primaire_select,prim_connait_ecol_second,1 D3 6 TT
232556,primaire_select,prim_connait_ecol_second,1 D3 6 TT
232558,primaire_select,prim_connait_ecol_second,1 D3 6 TT
232560,primaire_select,prim_connait_ecol_second,1 D3 6 TT
232561,primaire_select,prim_connait_ecol_second,1 D3 6 TT
232563,primaire_select,prim_connait_ecol_second,1 D3 6 TT
232565,primaire_select,prim_connait_ecol_second,1 D3 6 TT
232566,primaire_select,prim_connait_ecol_second,1 D3 6 TT
232568,primaire_select,prim_connait_ecol_second,1 D3 6 TT
232570,primaire_select,prim_connait_ecol_second,1 D3 6 TT
232572,primaire_select,prim_connait_ecol_second,1 D3 6 TT
232579,primaire_select,prim_connait_ecol_second,1 D3 6 TT
232581,primaire_select,prim_connait_ecol_second,1 D3 6 TT
232582,primaire_select,prim_connait_ecol_second,1 D3 6 TT
232584,primaire_select,prim_connait_ecol_second,1 D3 6 TT
232587,primaire_select,prim_connait_ecol_second,1 D3 6 TT
232589,primaire_select,prim_connait_ecol_second,1 D3 6 TT
232592,primaire_select,prim_connait_ecol_second,1 D3 6 TT
232594,primaire_select,prim_connait_ecol_second,1 D3 6 TT
232595,primaire_select,prim_connait_ecol_second,1 D3 6 TT
232596,primaire_select,prim_connait_ecol_second,1 D3 6 TT
232598,primaire_select,prim_connait_ecol_second,1 D3 6 TT
232600,primaire_select,prim_connait_ecol_second,1 D3 6 TT
232602,primaire_select,prim_connait_ecol_second,1 D3 6 TT
232604,primaire_select,prim_connait_ecol_second,1 D3 6 TT
232606,primaire_select,prim_connait_ecol_second,1 D3 6 TT
232608,primaire_select,prim_connait_ecol_second,1 D3 6 TT
232610,primaire_select,prim_connait_ecol_second,1 D3 6 TT
232612,primaire_select,prim_connait_ecol_second,1 D3 6 TT
232614,primaire_select,prim_connait_ecol_second,1 D3 6 TT
232616,primaire_select,prim_connait_ecol_second,1 D3 6 TT
232617,primaire_select,prim_connait_ecol_second,1 D3 6 TT
232620,primaire_select,prim_connait_ecol_second,1 D3 6 TT
232622,primaire_select,prim_connait_ecol_second,1 D3 6 TT
232624,primaire_select,prim_connait_ecol_second,1 D3 6 TT
232625,primaire_select,prim_connait_ecol_second,1 D3 6 TT
232626,primaire_select,prim_connait_ecol_second,1 D3 6 TT
232627,primaire_select,prim_connait_ecol_second,1 D3 6 TQ
232628,primaire_select,prim_connait_ecol_second,1 D3 6 TQ
232629,primaire_select,prim_connait_ecol_second,1 D3 6 TQ
232630,primaire_select,prim_connait_ecol_second,1 D3 6 TQ
232631,primaire_select,prim_connait_ecol_second,1 D3 6 TQ
232632,primaire_select,prim_connait_ecol_second,1 D3 6 TQ
232633,primaire_select,prim_connait_ecol_second,1 D3 6 TQ
232635,primaire_select,prim_connait_ecol_second,1 D3 6 TQ
232636,primaire_select,prim_connait_ecol_second,1 D3 6 TQ
232637,primaire_select,prim_connait_ecol_second,1 D3 6 TQ
232638,primaire_select,prim_connait_ecol_second,1 D3 6 TQ
232639,primaire_select,prim_connait_ecol_second,1 D3 6 TQ
232640,primaire_select,prim_connait_ecol_second,1 D3 6 TQ
232641,primaire_select,prim_connait_ecol_second,1 D3 6 TQ
232642,primaire_select,prim_connait_ecol_second,1 D3 6 TQ
232643,primaire_select,prim_connait_ecol_second,1 D3 6 TQ
232644,primaire_select,prim_connait_ecol_second,1 D3 6 TQ
232645,primaire_select,prim_connait_ecol_second,1 D3 6 TQ
232646,primaire_select,prim_connait_ecol_second,1 D3 6 TQ
232647,primaire_select,prim_connait_ecol_second,1 D3 6 TQ
232648,primaire_select,prim_connait_ecol_second,1 D3 6 TQ
232649,primaire_select,prim_connait_ecol_second,1 D3 6 TQ
232650,primaire_select,prim_connait_ecol_second,1 D3 6 TQ
232651,primaire_select,prim_connait_ecol_second,1 D3 6 TQ
232652,primaire_select,prim_connait_ecol_second,1 D3 6 TQ
232653,primaire_select,prim_connait_ecol_second,1 D3 6 P
232654,primaire_select,prim_connait_ecol_second,1 D3 6 P
232655,primaire_select,prim_connait_ecol_second,1 D3 6 P
232656,primaire_select,prim_connait_ecol_second,1 D3 6 P
232658,primaire_select,prim_connait_ecol_second,1 D3 6 P
232659,primaire_select,prim_connait_ecol_second,1 D3 6 P
232661,primaire_select,prim_connait_ecol_second,1 D3 6 P
232662,primaire_select,prim_connait_ecol_second,1 D3 6 P
232663,primaire_select,prim_connait_ecol_second,1 D3 6 P
232664,primaire_select,prim_connait_ecol_second,1 D3 6 P
232666,primaire_select,prim_connait_ecol_second,1 D3 6 P
232667,primaire_select,prim_connait_ecol_second,1 D3 6 P
232669,primaire_select,prim_connait_ecol_second,1 D3 6 P
232670,primaire_select,prim_connait_ecol_second,1 D3 6 P
232671,primaire_select,prim_connait_ecol_second,1 D3 6 P
232672,primaire_select,prim_connait_ecol_second,1 D3 6 G
232673,primaire_select,prim_connait_ecol_second,1 D3 6 G
232675,primaire_select,prim_connait_ecol_second,1 D3 6 G
232676,primaire_select,prim_connait_ecol_second,1 D3 6 G
232677,primaire_select,prim_connait_ecol_second,1 D3 6 G
232678,primaire_select,prim_connait_ecol_second,1 D3 6 G
232679,primaire_select,prim_connait_ecol_second,1 D3 6 G
232680,primaire_select,prim_connait_ecol_second,1 D3 6 G
232681,primaire_select,prim_connait_ecol_second,1 D3 6 G
232682,primaire_select,prim_connait_ecol_second,1 D3 6 G
232683,primaire_select,prim_connait_ecol_second,1 D3 6 G
232684,primaire_select,prim_connait_ecol_second,1 D3 6 G
232685,primaire_select,prim_connait_ecol_second,1 D3 6 G
232686,primaire_select,prim_connait_ecol_second,1 D3 6 G
232687,primaire_select,prim_connait_ecol_second,1 D3 6 G
232688,primaire_select,prim_connait_ecol_second,1 D3 6 G
232689,primaire_select,prim_connait_ecol_second,1 D3 6 G
232690,primaire_select,prim_connait_ecol_second,1 D3 6 G
232691,primaire_select,prim_connait_ecol_second,1 D3 6 G
232692,primaire_select,prim_connait_ecol_second,1 D3 6 G
232693,primaire_select,prim_connait_ecol_second,1 D3 6 G
232694,primaire_select,prim_connait_ecol_second,1 D3 6 G
232696,primaire_select,prim_connait_ecol_second,1 D3 6 G
232698,primaire_select,prim_connait_ecol_second,1 D3 6 G
232699,primaire_select,prim_connait_ecol_second,1 D3 6 G
232700,primaire_select,prim_connait_ecol_second,1 D3 6 G
232701,primaire_select,prim_connait_ecol_second,1 D3 6 G
232702,primaire_select,prim_connait_ecol_second,1 D3 6 G
232703,primaire_select,prim_connait_ecol_second,1 D3 6 G
232704,primaire_select,prim_connait_ecol_second,1 D3 6 G
232705,primaire_select,prim_connait_ecol_second,1 D3 6 G
232706,primaire_select,prim_connait_ecol_second,1 D3 6 G
232707,primaire_select,prim_connait_ecol_second,1 D3 6 G
232708,primaire_select,prim_connait_ecol_second,1 D3 6 G
232710,primaire_select,prim_connait_ecol_second,1 D3 6 G
232711,primaire_select,prim_connait_ecol_second,1 D3 6 G
232712,primaire_select,prim_connait_ecol_second,1 D3 6 G
232713,primaire_select,prim_connait_ecol_second,1 D3 6 G
232714,primaire_select,prim_connait_ecol_second,1 D3 6 G
232715,primaire_select,prim_connait_ecol_second,1 D3 6 G
232717,primaire_select,prim_connait_ecol_second,1 D3 6 G
232719,primaire_select,prim_connait_ecol_second,1 D3 6 G
232723,primaire_select,prim_connait_ecol_second,1 D3 6 G
232724,primaire_select,prim_connait_ecol_second,1 D3 6 G
232725,primaire_select,prim_connait_ecol_second,1 D3 6 G
232726,primaire_select,prim_connait_ecol_second,1 D3 6 G
232727,primaire_select,prim_connait_ecol_second,1 D3 6 G
232728,primaire_select,prim_connait_ecol_second,1 D3 6 G
232730,primaire_select,prim_connait_ecol_second,1 D3 6 G
232733,primaire_select,prim_connait_ecol_second,1 D3 6 G
232734,primaire_select,prim_connait_ecol_second,1 D3 6 G
232735,primaire_select,prim_connait_ecol_second,1 D3 6 G
232736,primaire_select,prim_connait_ecol_second,1 D3 6 G
232738,primaire_select,prim_connait_ecol_second,1 D3 6 G
232739,primaire_select,prim_connait_ecol_second,1 D3 6 G
232740,primaire_select,prim_connait_ecol_second,1 D3 6 G
232741,primaire_select,prim_connait_ecol_second,1 D3 6 G
232742,primaire_select,prim_connait_ecol_second,1 D3 6 G
232743,primaire_select,prim_connait_ecol_second,1 D3 6 G
232744,primaire_select,prim_connait_ecol_second,1 D3 6 G
232745,primaire_select,prim_connait_ecol_second,1 D3 6 G
232746,primaire_select,prim_connait_ecol_second,1 D3 6 G
232747,primaire_select,prim_connait_ecol_second,1 D3 6 G
232749,primaire_select,prim_connait_ecol_second,1 D3 6 G
232750,primaire_select,prim_connait_ecol_second,1 D3 6 G
232751,primaire_select,prim_connait_ecol_second,1 D3 6 G
232752,primaire_select,prim_connait_ecol_second,1 D3 6 G
232753,primaire_select,prim_connait_ecol_second,1 D3 6 G
232754,primaire_select,prim_connait_ecol_second,1 D3 6 G
232755,primaire_select,prim_connait_ecol_second,1 D3 6 G
232760,primaire_select,prim_connait_ecol_second,1 D3 6 G
232761,primaire_select,prim_connait_ecol_second,1 D3 6 G
232762,primaire_select,prim_connait_ecol_second,1 D3 6 G
232763,primaire_select,prim_connait_ecol_second,1 D3 6 G
232764,primaire_select,prim_connait_ecol_second,1 D3 6 G
232765,primaire_select,prim_connait_ecol_second,1 D3 6 G
232766,primaire_select,prim_connait_ecol_second,1 D3 6 G
232771,primaire_select,prim_connait_ecol_second,1 D3 6 G
232773,primaire_select,prim_connait_ecol_second,1 D3 6 G
232777,primaire_select,prim_connait_ecol_second,1 D3 5 TT
232778,primaire_select,prim_connait_ecol_second,1 D3 5 TT
232779,primaire_select,prim_connait_ecol_second,1 D3 5 TT
232781,primaire_select,prim_connait_ecol_second,1 D3 5 TT
232782,primaire_select,prim_connait_ecol_second,1 D3 5 TT
232783,primaire_select,prim_connait_ecol_second,1 D3 5 TT
232784,primaire_select,prim_connait_ecol_second,1 D3 5 TT
232785,primaire_select,prim_connait_ecol_second,1 D3 5 TT
232787,primaire_select,prim_connait_ecol_second,1 D3 5 TT
232789,primaire_select,prim_connait_ecol_second,1 D3 5 TT
232791,primaire_select,prim_connait_ecol_second,1 D3 5 TT
232793,primaire_select,prim_connait_ecol_second,1 D3 5 TT
232796,primaire_select,prim_connait_ecol_second,1 D3 5 TT
232797,primaire_select,prim_connait_ecol_second,1 D3 5 TT
232798,primaire_select,prim_connait_ecol_second,1 D3 5 TT
232799,primaire_select,prim_connait_ecol_second,1 D3 5 TT
232800,primaire_select,prim_connait_ecol_second,1 D3 5 TT
232801,primaire_select,prim_connait_ecol_second,1 D3 5 TT
232802,primaire_select,prim_connait_ecol_second,1 D3 5 TT
232803,primaire_select,prim_connait_ecol_second,1 D3 5 TT
232804,primaire_select,prim_connait_ecol_second,1 D3 5 TT
232805,primaire_select,prim_connait_ecol_second,1 D3 5 TT
232806,primaire_select,prim_connait_ecol_second,1 D3 5 TT
232810,primaire_select,prim_connait_ecol_second,1 D3 5 TT
232811,primaire_select,prim_connait_ecol_second,1 D3 5 TT
232812,primaire_select,prim_connait_ecol_second,1 D3 5 TT
232813,primaire_select,prim_connait_ecol_second,1 D3 5 TT
232814,primaire_select,prim_connait_ecol_second,1 D3 5 TT
232815,primaire_select,prim_connait_ecol_second,1 D3 5 TT
232816,primaire_select,prim_connait_ecol_second,1 D3 5 TT
232818,primaire_select,prim_connait_ecol_second,1 D3 5 TT
232819,primaire_select,prim_connait_ecol_second,1 D3 5 TT
232820,primaire_select,prim_connait_ecol_second,1 D3 5 TT
232821,primaire_select,prim_connait_ecol_second,1 D3 5 TT
232822,primaire_select,prim_connait_ecol_second,1 D3 5 TT
232823,primaire_select,prim_connait_ecol_second,1 D3 5 TT
232824,primaire_select,prim_connait_ecol_second,1 D3 5 TT
232825,primaire_select,prim_connait_ecol_second,1 D3 5 TT
232827,primaire_select,prim_connait_ecol_second,1 D3 5 TT
232828,primaire_select,prim_connait_ecol_second,1 D3 5 TT
232829,primaire_select,prim_connait_ecol_second,1 D3 5 TT
232830,primaire_select,prim_connait_ecol_second,1 D3 5 TT
232831,primaire_select,prim_connait_ecol_second,1 D3 5 TT
232832,primaire_select,prim_connait_ecol_second,1 D3 5 TT
232833,primaire_select,prim_connait_ecol_second,1 D3 5 TT
232834,primaire_select,prim_connait_ecol_second,1 D3 5 TT
232835,primaire_select,prim_connait_ecol_second,1 D3 5 TT
232836,primaire_select,prim_connait_ecol_second,1 D3 5 TT
232837,primaire_select,prim_connait_ecol_second,1 D3 5 TT
232838,primaire_select,prim_connait_ecol_second,1 D3 5 TT
232839,primaire_select,prim_connait_ecol_second,1 D3 5 TT
232840,primaire_select,prim_connait_ecol_second,1 D3 5 TT
232841,primaire_select,prim_connait_ecol_second,1 D3 5 TT
232842,primaire_select,prim_connait_ecol_second,1 D3 5 TT
232843,primaire_select,prim_connait_ecol_second,1 D3 5 TT
232844,primaire_select,prim_connait_ecol_second,1 D3 5 TT
232845,primaire_select,prim_connait_ecol_second,1 D3 5 TT
232846,primaire_select,prim_connait_ecol_second,1 D3 5 TT
232847,primaire_select,prim_connait_ecol_second,1 D3 5 TT
232848,primaire_select,prim_connait_ecol_second,1 D3 5 TT
232849,primaire_select,prim_connait_ecol_second,1 D3 5 TT
232850,primaire_select,prim_connait_ecol_second,1 D3 5 TT
232851,primaire_select,prim_connait_ecol_second,1 D3 5 TT
232852,primaire_select,prim_connait_ecol_second,1 D3 5 TT
232853,primaire_select,prim_connait_ecol_second,1 D3 5 TT
232854,primaire_select,prim_connait_ecol_second,1 D3 5 TT
232855,primaire_select,prim_connait_ecol_second,1 D3 5 TT
232856,primaire_select,prim_connait_ecol_second,1 D3 5 TT
232857,primaire_select,prim_connait_ecol_second,1 D3 5 TT
232858,primaire_select,prim_connait_ecol_second,1 D3 5 TT
232860,primaire_select,prim_connait_ecol_second,1 D3 5 TT
232861,primaire_select,prim_connait_ecol_second,1 D3 5 TQ
232862,primaire_select,prim_connait_ecol_second,1 D3 5 TQ
232863,primaire_select,prim_connait_ecol_second,1 D3 5 TQ
232865,primaire_select,prim_connait_ecol_second,1 D3 5 TQ
232866,primaire_select,prim_connait_ecol_second,1 D3 5 TQ
232867,primaire_select,prim_connait_ecol_second,1 D3 5 TQ
232868,primaire_select,prim_connait_ecol_second,1 D3 5 TQ
232869,primaire_select,prim_connait_ecol_second,1 D3 5 TQ
232870,primaire_select,prim_connait_ecol_second,1 D3 5 TQ
232871,primaire_select,prim_connait_ecol_second,1 D3 5 TQ
232872,primaire_select,prim_connait_ecol_second,1 D3 5 TQ
232873,primaire_select,prim_connait_ecol_second,1 D3 5 TQ
232874,primaire_select,prim_connait_ecol_second,1 D3 5 TQ
232875,primaire_select,prim_connait_ecol_second,1 D3 5 TQ
232876,primaire_select,prim_connait_ecol_second,1 D3 5 TQ
232877,primaire_select,prim_connait_ecol_second,1 D3 5 TQ
232878,primaire_select,prim_connait_ecol_second,1 D3 5 TQ
232879,primaire_select,prim_connait_ecol_second,1 D3 5 TQ
232880,primaire_select,prim_connait_ecol_second,1 D3 5 TQ
232881,primaire_select,prim_connait_ecol_second,1 D3 5 TQ
232882,primaire_select,prim_connait_ecol_second,1 D3 5 TQ
232883,primaire_select,prim_connait_ecol_second,1 D3 5 TQ
232884,primaire_select,prim_connait_ecol_second,1 D3 5 TQ
232885,primaire_select,prim_connait_ecol_second,1 D3 5 TQ
232886,primaire_select,prim_connait_ecol_second,1 D3 5 TQ
232887,primaire_select,prim_connait_ecol_second,1 D3 5 TQ
232888,primaire_select,prim_connait_ecol_second,1 D3 5 TQ
232889,primaire_select,prim_connait_ecol_second,1 D3 5 TQ
232890,primaire_select,prim_connait_ecol_second,1 D3 5 TQ
232891,primaire_select,prim_connait_ecol_second,1 D3 5 TQ
232892,primaire_select,prim_connait_ecol_second,1 D3 5 TQ
232893,primaire_select,prim_connait_ecol_second,1 D3 5 TQ
232895,primaire_select,prim_connait_ecol_second,1 D3 5 TQ
232896,primaire_select,prim_connait_ecol_second,1 D3 5 TQ
232898,primaire_select,prim_connait_ecol_second,1 D3 5 TQ
232899,primaire_select,prim_connait_ecol_second,1 D3 5 TQ
232901,primaire_select,prim_connait_ecol_second,1 D3 5 TQ
232902,primaire_select,prim_connait_ecol_second,1 D3 5 TQ
232904,primaire_select,prim_connait_ecol_second,1 D3 5 TQ
232905,primaire_select,prim_connait_ecol_second,1 D3 5 TQ
232906,primaire_select,prim_connait_ecol_second,1 D3 5 TQ
232907,primaire_select,prim_connait_ecol_second,1 D3 5 TQ
232908,primaire_select,prim_connait_ecol_second,1 D3 5 TQ
232909,primaire_select,prim_connait_ecol_second,1 D3 5 TQ
232911,primaire_select,prim_connait_ecol_second,1 D3 5 TQ
232912,primaire_select,prim_connait_ecol_second,1 D3 5 TQ
232913,primaire_select,prim_connait_ecol_second,1 D3 5 TQ
232914,primaire_select,prim_connait_ecol_second,1 D3 5 TQ
232915,primaire_select,prim_connait_ecol_second,1 D3 5 TQ
232916,primaire_select,prim_connait_ecol_second,1 D3 5 TQ
232917,primaire_select,prim_connait_ecol_second,1 D3 5 TQ
232918,primaire_select,prim_connait_ecol_second,1 D3 5 TQ
232919,primaire_select,prim_connait_ecol_second,1 D3 5 TQ
232920,primaire_select,prim_connait_ecol_second,1 D3 5 TQ
232921,primaire_select,prim_connait_ecol_second,1 D3 5 TQ
232922,primaire_select,prim_connait_ecol_second,1 D3 5 TQ
232923,primaire_select,prim_connait_ecol_second,1 D3 5 TQ
232924,primaire_select,prim_connait_ecol_second,1 D3 5 TQ
232925,primaire_select,prim_connait_ecol_second,1 D3 5 TQ
232926,primaire_select,prim_connait_ecol_second,1 D3 5 TQ
232927,primaire_select,prim_connait_ecol_second,1 D3 5 TQ
232928,primaire_select,prim_connait_ecol_second,1 D3 5 TQ
232929,primaire_select,prim_connait_ecol_second,1 D3 5 TQ
232930,primaire_select,prim_connait_ecol_second,1 D3 5 TQ
232931,primaire_select,prim_connait_ecol_second,1 D3 5 TQ
232932,primaire_select,prim_connait_ecol_second,1 D3 5 TQ
232933,primaire_select,prim_connait_ecol_second,1 D3 5 TQ
232934,primaire_select,prim_connait_ecol_second,1 D3 5 TQ
232935,primaire_select,prim_connait_ecol_second,1 D3 5 TQ
232936,primaire_select,prim_connait_ecol_second,1 D3 5 TQ
232937,primaire_select,prim_connait_ecol_second,1 D3 5 TQ
232940,primaire_select,prim_connait_ecol_second,1 D3 5 TQ
232941,primaire_select,prim_connait_ecol_second,1 D3 5 TQ
232942,primaire_select,prim_connait_ecol_second,1 D3 5 TQ
232945,primaire_select,prim_connait_ecol_second,1 D3 5 TQ
232946,primaire_select,prim_connait_ecol_second,1 D3 5 TQ
232947,primaire_select,prim_connait_ecol_second,1 D3 5 TQ
232948,primaire_select,prim_connait_ecol_second,1 D3 5 TQ
232949,primaire_select,prim_connait_ecol_second,1 D3 5 TQ
232952,primaire_select,prim_connait_ecol_second,1 D3 5 TQ
232953,primaire_select,prim_connait_ecol_second,1 D3 5 P
232954,primaire_select,prim_connait_ecol_second,1 D3 5 P
232955,primaire_select,prim_connait_ecol_second,1 D3 5 P
232956,primaire_select,prim_connait_ecol_second,1 D3 5 P
232957,primaire_select,prim_connait_ecol_second,1 D3 5 P
232960,primaire_select,prim_connait_ecol_second,1 D3 5 P
232961,primaire_select,prim_connait_ecol_second,1 D3 5 P
232962,primaire_select,prim_connait_ecol_second,1 D3 5 P
232963,primaire_select,prim_connait_ecol_second,1 D3 5 P
232964,primaire_select,prim_connait_ecol_second,1 D3 5 P
232965,primaire_select,prim_connait_ecol_second,1 D3 5 P
232966,primaire_select,prim_connait_ecol_second,1 D3 5 P
232967,primaire_select,prim_connait_ecol_second,1 D3 5 P
232968,primaire_select,prim_connait_ecol_second,1 D3 5 P
232969,primaire_select,prim_connait_ecol_second,1 D3 5 P
232971,primaire_select,prim_connait_ecol_second,1 D3 5 P
232972,primaire_select,prim_connait_ecol_second,1 D3 5 P
232973,primaire_select,prim_connait_ecol_second,1 D3 5 P
232974,primaire_select,prim_connait_ecol_second,1 D3 5 P
232975,primaire_select,prim_connait_ecol_second,1 D3 5 P
232976,primaire_select,prim_connait_ecol_second,1 D3 5 P
232977,primaire_select,prim_connait_ecol_second,1 D3 5 P
232978,primaire_select,prim_connait_ecol_second,1 D3 5 P
232979,primaire_select,prim_connait_ecol_second,1 D3 5 P
232980,primaire_select,prim_connait_ecol_second,1 D3 5 P
232981,primaire_select,prim_connait_ecol_second,1 D3 5 P
232982,primaire_select,prim_connait_ecol_second,1 D3 5 P
232983,primaire_select,prim_connait_ecol_second,1 D3 5 P
232984,primaire_select,prim_connait_ecol_second,1 D3 5 P
232989,primaire_select,prim_connait_ecol_second,1 D3 5 P
232991,primaire_select,prim_connait_ecol_second,1 D3 5 P
232992,primaire_select,prim_connait_ecol_second,1 D3 5 P
232993,primaire_select,prim_connait_ecol_second,1 D3 5 P
232996,primaire_select,prim_connait_ecol_second,1 D3 5 P
232997,primaire_select,prim_connait_ecol_second,1 D3 5 P
232999,primaire_select,prim_connait_ecol_second,1 D3 5 P
233000,primaire_select,prim_connait_ecol_second,1 D3 5 P
233001,primaire_select,prim_connait_ecol_second,1 D3 5 P
233002,primaire_select,prim_connait_ecol_second,1 D3 5 P
233003,primaire_select,prim_connait_ecol_second,1 D3 5 P
233005,primaire_select,prim_connait_ecol_second,1 D3 5 P
233006,primaire_select,prim_connait_ecol_second,1 D3 5 P
233015,primaire_select,prim_connait_ecol_second,1 D3 5 P
233016,primaire_select,prim_connait_ecol_second,1 D3 5 P
233017,primaire_select,prim_connait_ecol_second,1 D3 5 P
233018,primaire_select,prim_connait_ecol_second,1 D3 5 P
233019,primaire_select,prim_connait_ecol_second,1 D3 5 P
233020,primaire_select,prim_connait_ecol_second,1 D3 5 P
233021,primaire_select,prim_connait_ecol_second,1 D3 5 P
233022,primaire_select,prim_connait_ecol_second,1 D3 5 P
233023,primaire_select,prim_connait_ecol_second,1 D3 5 G
233024,primaire_select,prim_connait_ecol_second,1 D3 5 G
233025,primaire_select,prim_connait_ecol_second,1 D3 5 G
233026,primaire_select,prim_connait_ecol_second,1 D3 5 G
233029,primaire_select,prim_connait_ecol_second,1 D3 5 G
233030,primaire_select,prim_connait_ecol_second,1 D3 5 G
233031,primaire_select,prim_connait_ecol_second,1 D3 5 G
233032,primaire_select,prim_connait_ecol_second,1 D3 5 G
233033,primaire_select,prim_connait_ecol_second,1 D3 5 G
233034,primaire_select,prim_connait_ecol_second,1 D3 5 G
233035,primaire_select,prim_connait_ecol_second,1 D3 5 G
233036,primaire_select,prim_connait_ecol_second,1 D3 5 G
233037,primaire_select,prim_connait_ecol_second,1 D3 5 G
233038,primaire_select,prim_connait_ecol_second,1 D3 5 G
233045,primaire_select,prim_connait_ecol_second,1 D3 5 G
233046,primaire_select,prim_connait_ecol_second,1 D3 5 G
233047,primaire_select,prim_connait_ecol_second,1 D3 5 G
233048,primaire_select,prim_connait_ecol_second,1 D3 5 G
233049,primaire_select,prim_connait_ecol_second,1 D3 5 G
233052,primaire_select,prim_connait_ecol_second,1 D3 5 G
233053,primaire_select,prim_connait_ecol_second,1 D3 5 G
233054,primaire_select,prim_connait_ecol_second,1 D3 5 G
233055,primaire_select,prim_connait_ecol_second,1 D3 5 G
233056,primaire_select,prim_connait_ecol_second,1 D3 5 G
233057,primaire_select,prim_connait_ecol_second,1 D3 5 G
233058,primaire_select,prim_connait_ecol_second,1 D3 5 G
233059,primaire_select,prim_connait_ecol_second,1 D3 5 G
233060,primaire_select,prim_connait_ecol_second,1 D3 5 G
233062,primaire_select,prim_connait_ecol_second,1 D3 5 G
233063,primaire_select,prim_connait_ecol_second,1 D3 5 G
233064,primaire_select,prim_connait_ecol_second,1 D3 5 G
233065,primaire_select,prim_connait_ecol_second,1 D3 5 G
233066,primaire_select,prim_connait_ecol_second,1 D3 5 G
233067,primaire_select,prim_connait_ecol_second,1 D3 5 G
233068,primaire_select,prim_connait_ecol_second,1 D3 5 G
233069,primaire_select,prim_connait_ecol_second,1 D3 5 G
233072,primaire_select,prim_connait_ecol_second,1 D3 5 G
233073,primaire_select,prim_connait_ecol_second,1 D3 5 G
233074,primaire_select,prim_connait_ecol_second,1 D3 5 G
233075,primaire_select,prim_connait_ecol_second,1 D3 5 G
233076,primaire_select,prim_connait_ecol_second,1 D3 5 G
233077,primaire_select,prim_connait_ecol_second,1 D3 5 G
233078,primaire_select,prim_connait_ecol_second,1 D3 5 G
233080,primaire_select,prim_connait_ecol_second,1 D3 5 G
233082,primaire_select,prim_connait_ecol_second,1 D3 5 G
233083,primaire_select,prim_connait_ecol_second,1 D3 5 G
233084,primaire_select,prim_connait_ecol_second,1 D3 5 G
233085,primaire_select,prim_connait_ecol_second,1 D3 5 G
233086,primaire_select,prim_connait_ecol_second,1 D3 5 G
233087,primaire_select,prim_connait_ecol_second,1 D3 5 G
233089,primaire_select,prim_connait_ecol_second,1 D3 5 G
233090,primaire_select,prim_connait_ecol_second,1 D3 5 G
233091,primaire_select,prim_connait_ecol_second,1 D3 5 G
233092,primaire_select,prim_connait_ecol_second,1 D3 5 G
233095,primaire_select,prim_connait_ecol_second,1 D3 5 G
233105,primaire_select,prim_connait_ecol_second,1 D3 5 G
233106,primaire_select,prim_connait_ecol_second,1 D3 5 G
233107,primaire_select,prim_connait_ecol_second,1 D3 5 G
233110,primaire_select,prim_connait_ecol_second,1 D3 5 G
233111,primaire_select,prim_connait_ecol_second,1 D3 5 G
233112,primaire_select,prim_connait_ecol_second,1 D3 5 G
233114,primaire_select,prim_connait_ecol_second,1 D3 5 G
233118,primaire_select,prim_connait_ecol_second,1 D3 5 G
233120,primaire_select,prim_connait_ecol_second,1 D3 5 G
233122,primaire_select,prim_connait_ecol_second,1 D3 5 G
233123,primaire_select,prim_connait_ecol_second,1 D3 5 G
233125,primaire_select,prim_connait_ecol_second,1 D3 5 G
233126,primaire_select,prim_connait_ecol_second,1 D3 5 G
233127,primaire_select,prim_connait_ecol_second,1 D3 5 G
233128,primaire_select,prim_connait_ecol_second,1 D3 5 G
233129,primaire_select,prim_connait_ecol_second,1 D3 5 G
233130,primaire_select,prim_connait_ecol_second,1 D3 5 G
233131,primaire_select,prim_connait_ecol_second,1 D3 5 G
233132,primaire_select,prim_connait_ecol_second,1 D3 5 G
233133,primaire_select,prim_connait_ecol_second,1 D3 5 G
233134,primaire_select,prim_connait_ecol_second,1 D3 5 G
233135,primaire_select,prim_connait_ecol_second,1 D3 5 G
233138,primaire_select,prim_connait_ecol_second,1 D3 5 G
233139,primaire_select,prim_connait_ecol_second,1 D3 5 G
233140,primaire_select,prim_connait_ecol_second,1 D3 5 G
233141,primaire_select,prim_connait_ecol_second,1 D3 5 G
233142,primaire_select,prim_connait_ecol_second,1 D3 5 G
233143,primaire_select,prim_connait_ecol_second,1 D3 5 G
233144,primaire_select,prim_connait_ecol_second,1 D3 5 G
233145,primaire_select,prim_connait_ecol_second,1 D3 5 G
233155,primaire_select,prim_connait_ecol_second,1 D3 5 G
233156,primaire_select,prim_connait_ecol_second,1 D3 5 G
233157,primaire_select,prim_connait_ecol_second,1 D3 5 G
233158,primaire_select,prim_connait_ecol_second,1 D3 5 G
233160,primaire_select,prim_connait_ecol_second,1 D3 5 G
233161,primaire_select,prim_connait_ecol_second,1 D3 5 G
233162,primaire_select,prim_connait_ecol_second,1 D3 5 G
233163,primaire_select,prim_connait_ecol_second,1 D3 5 G
233166,primaire_select,prim_connait_ecol_second,1 D3 5 G
233167,primaire_select,prim_connait_ecol_second,1 D3 5 G
233168,primaire_select,prim_connait_ecol_second,1 D3 5 G
233169,primaire_select,prim_connait_ecol_second,1 D3 5 G
233170,primaire_select,prim_connait_ecol_second,1 D3 5 G
233171,primaire_select,prim_connait_ecol_second,1 D3 5 G
233172,primaire_select,prim_connait_ecol_second,1 D3 5 G
233173,primaire_select,prim_connait_ecol_second,1 D3 5 G
233174,primaire_select,prim_connait_ecol_second,1 D3 5 G
233175,primaire_select,prim_connait_ecol_second,1 D3 5 G
233176,primaire_select,prim_connait_ecol_second,1 D3 5 G
233179,primaire_select,prim_connait_ecol_second,1 D3 5 G
233180,primaire_select,prim_connait_ecol_second,1 D3 5 G
233186,primaire_select,prim_connait_ecol_second,1 D3 5 G
233187,primaire_select,prim_connait_ecol_second,1 D3 5 G
233188,primaire_select,prim_connait_ecol_second,1 D3 5 G
233189,primaire_select,prim_connait_ecol_second,1 D3 5 G
233190,primaire_select,prim_connait_ecol_second,1 D3 5 G
233191,primaire_select,prim_connait_ecol_second,1 D3 5 G
233192,primaire_select,prim_connait_ecol_second,1 D3 5 G
233193,primaire_select,prim_connait_ecol_second,1 D3 5 G
233197,primaire_select,prim_connait_ecol_second,1 D3 5 G
233198,primaire_select,prim_connait_ecol_second,1 D3 5 G
233200,primaire_select,prim_connait_ecol_second,1 D3 5 G
233201,primaire_select,prim_connait_ecol_second,1 D3 5 G
233202,primaire_select,prim_connait_ecol_second,1 D3 5 G
233203,primaire_select,prim_connait_ecol_second,1 D3 5 G
233204,primaire_select,prim_connait_ecol_second,1 D3 5 G
233205,primaire_select,prim_connait_ecol_second,1 D3 5 G
233207,primaire_select,prim_connait_ecol_second,1 D3 5 G
233208,primaire_select,prim_connait_ecol_second,1 D3 5 G
233211,primaire_select,prim_connait_ecol_second,1 D3 5 G
233212,primaire_select,prim_connait_ecol_second,1 D3 5 G
233213,primaire_select,prim_connait_ecol_second,1 D3 5 G
233214,primaire_select,prim_connait_ecol_second,1 D3 5 G
233215,primaire_select,prim_connait_ecol_second,1 D3 5 G
233216,primaire_select,prim_connait_ecol_second,1 D3 5 G
233218,primaire_select,prim_connait_ecol_second,1 D3 5 G
233219,primaire_select,prim_connait_ecol_second,1 D3 5 G
233222,primaire_select,prim_connait_ecol_second,1 D3 5 G
233224,primaire_select,prim_connait_ecol_second,1 D3 5 G
233225,primaire_select,prim_connait_ecol_second,1 D3 5 G
233226,primaire_select,prim_connait_ecol_second,1 D3 5 G
233227,primaire_select,prim_connait_ecol_second,1 D3 5 G
233228,primaire_select,prim_connait_ecol_second,1 D3 5 G
233229,primaire_select,prim_connait_ecol_second,1 D3 5 G
233230,primaire_select,prim_connait_ecol_second,1 D3 5 G
233231,primaire_select,prim_connait_ecol_second,1 D3 5 G
233236,primaire_select,prim_connait_ecol_second,1 D3 5 G
233238,primaire_select,prim_connait_ecol_second,1 D3 5 G
233239,primaire_select,prim_connait_ecol_second,1 D3 5 G
233240,primaire_select,prim_connait_ecol_second,1 D3 5 G
233241,primaire_select,prim_connait_ecol_second,1 D3 5 G
233243,primaire_select,prim_connait_ecol_second,1 D3 5 G
233244,primaire_select,prim_connait_ecol_second,1 D3 5 G
233245,primaire_select,prim_connait_ecol_second,1 D3 5 G
233246,primaire_select,prim_connait_ecol_second,1 D3 5 G
233247,primaire_select,prim_connait_ecol_second,1 D3 5 G
233248,primaire_select,prim_connait_ecol_second,1 D3 5 G
233249,primaire_select,prim_connait_ecol_second,1 D3 5 G
233250,primaire_select,prim_connait_ecol_second,1 D3 5 G
233251,primaire_select,prim_connait_ecol_second,1 D3 5 G
233252,primaire_select,prim_connait_ecol_second,1 D3 5 G
233253,primaire_select,prim_connait_ecol_second,1 D3 5 G
233254,primaire_select,prim_connait_ecol_second,1 D3 5 G
233255,primaire_select,prim_connait_ecol_second,1 D3 5 G
233256,primaire_select,prim_connait_ecol_second,1 D3 5 G
233257,primaire_select,prim_connait_ecol_second,1 D3 5 G
233259,primaire_select,prim_connait_ecol_second,1 D3 5 G
233260,primaire_select,prim_connait_ecol_second,1 D3 5 G
233261,primaire_select,prim_connait_ecol_second,1 D3 5 G
233262,primaire_select,prim_connait_ecol_second,1 D3 5 G
233263,primaire_select,prim_connait_ecol_second,1 D3 5 G
233264,primaire_select,prim_connait_ecol_second,1 D3 5 G
233265,primaire_select,prim_connait_ecol_second,1 D3 5 G
233266,primaire_select,prim_connait_ecol_second,1 D3 5 G
233267,primaire_select,prim_connait_ecol_second,1 D3 5 G
233268,primaire_select,prim_connait_ecol_second,1 D3 5 G
233269,primaire_select,prim_connait_ecol_second,1 D3 5 G
233270,primaire_select,prim_connait_ecol_second,1 D3 5 G
233271,primaire_select,prim_connait_ecol_second,1 D3 5 G
233272,primaire_select,prim_connait_ecol_second,1 D3 5 G
233273,primaire_select,prim_connait_ecol_second,1 D3 5 G
233274,primaire_select,prim_connait_ecol_second,1 D3 5 G
233275,primaire_select,prim_connait_ecol_second,1 D3 5 G
233276,primaire_select,prim_connait_ecol_second,1 D3 5 G
233277,primaire_select,prim_connait_ecol_second,1 D3 5 G
233278,primaire_select,prim_connait_ecol_second,1 D3 5 G
233279,primaire_select,prim_connait_ecol_second,1 D3 5 AT
233280,primaire_select,prim_connait_ecol_second,1 D3 5 AT
233281,primaire_select,prim_connait_ecol_second,1 D3 5 AT
233282,primaire_select,prim_connait_ecol_second,1 D3 3C TQ
233285,primaire_select,prim_connait_ecol_second,1 D2 4 TT
233288,primaire_select,prim_connait_ecol_second,1 D2 4 TT
233289,primaire_select,prim_connait_ecol_second,1 D2 4 TT
233290,primaire_select,prim_connait_ecol_second,1 D2 4 TT
233291,primaire_select,prim_connait_ecol_second,1 D2 4 TT
233292,primaire_select,prim_connait_ecol_second,1 D2 4 TT
233293,primaire_select,prim_connait_ecol_second,1 D2 4 TT
233294,primaire_select,prim_connait_ecol_second,1 D2 4 TT
233295,primaire_select,prim_connait_ecol_second,1 D2 4 TT
233296,primaire_select,prim_connait_ecol_second,1 D2 4 TT
233297,primaire_select,prim_connait_ecol_second,1 D2 4 TT
233300,primaire_select,prim_connait_ecol_second,1 D2 4 TT
233301,primaire_select,prim_connait_ecol_second,1 D2 4 TT
233303,primaire_select,prim_connait_ecol_second,1 D2 4 TT
233305,primaire_select,prim_connait_ecol_second,1 D2 4 TT
233308,primaire_select,prim_connait_ecol_second,1 D2 4 TT
233309,primaire_select,prim_connait_ecol_second,1 D2 4 TT
233310,primaire_select,prim_connait_ecol_second,1 D2 4 TT
233314,primaire_select,prim_connait_ecol_second,1 D2 4 TT
233317,primaire_select,prim_connait_ecol_second,1 D2 4 TT
233319,primaire_select,prim_connait_ecol_second,1 D2 4 TT
233321,primaire_select,prim_connait_ecol_second,1 D2 4 TT
233322,primaire_select,prim_connait_ecol_second,1 D2 4 TT
233325,primaire_select,prim_connait_ecol_second,1 D2 4 TT
233326,primaire_select,prim_connait_ecol_second,1 D2 4 TT
233329,primaire_select,prim_connait_ecol_second,1 D2 4 TT
233331,primaire_select,prim_connait_ecol_second,1 D2 4 TT
233332,primaire_select,prim_connait_ecol_second,1 D2 4 TT
233333,primaire_select,prim_connait_ecol_second,1 D2 4 TQ
233334,primaire_select,prim_connait_ecol_second,1 D2 4 TQ
233337,primaire_select,prim_connait_ecol_second,1 D2 4 TQ
233338,primaire_select,prim_connait_ecol_second,1 D2 4 TQ
233339,primaire_select,prim_connait_ecol_second,1 D2 4 TQ
233340,primaire_select,prim_connait_ecol_second,1 D2 4 TQ
233341,primaire_select,prim_connait_ecol_second,1 D2 4 TQ
233342,primaire_select,prim_connait_ecol_second,1 D2 4 TQ
233344,primaire_select,prim_connait_ecol_second,1 D2 4 TQ
233347,primaire_select,prim_connait_ecol_second,1 D2 4 TQ
233352,primaire_select,prim_connait_ecol_second,1 D2 4 TQ
233353,primaire_select,prim_connait_ecol_second,1 D2 4 TQ
233354,primaire_select,prim_connait_ecol_second,1 D2 4 TQ
233355,primaire_select,prim_connait_ecol_second,1 D2 4 TQ
233356,primaire_select,prim_connait_ecol_second,1 D2 4 TQ
233365,primaire_select,prim_connait_ecol_second,1 D2 4 TQ
233366,primaire_select,prim_connait_ecol_second,1 D2 4 TQ
233367,primaire_select,prim_connait_ecol_second,1 D2 4 TQ
233371,primaire_select,prim_connait_ecol_second,1 D2 4 TQ
233372,primaire_select,prim_connait_ecol_second,1 D2 4 TQ
233373,primaire_select,prim_connait_ecol_second,1 D2 4 TQ
233374,primaire_select,prim_connait_ecol_second,1 D2 4 TQ
233375,primaire_select,prim_connait_ecol_second,1 D2 4 TQ
233376,primaire_select,prim_connait_ecol_second,1 D2 4 TQ
233377,primaire_select,prim_connait_ecol_second,1 D2 4 TQ
233378,primaire_select,prim_connait_ecol_second,1 D2 4 TQ
233379,primaire_select,prim_connait_ecol_second,1 D2 4 TQ
233383,primaire_select,prim_connait_ecol_second,1 D2 4 TQ
233385,primaire_select,prim_connait_ecol_second,1 D2 4 TQ
233386,primaire_select,prim_connait_ecol_second,1 D2 4 TQ
233388,primaire_select,prim_connait_ecol_second,1 D2 4 TQ
233389,primaire_select,prim_connait_ecol_second,1 D2 4 TQ
233390,primaire_select,prim_connait_ecol_second,1 D2 4 TQ
233391,primaire_select,prim_connait_ecol_second,1 D2 4 TQ
233394,primaire_select,prim_connait_ecol_second,1 D2 4 TQ
233396,primaire_select,prim_connait_ecol_second,1 D2 4 P
233397,primaire_select,prim_connait_ecol_second,1 D2 4 P
233398,primaire_select,prim_connait_ecol_second,1 D2 4 P
233399,primaire_select,prim_connait_ecol_second,1 D2 4 P
233400,primaire_select,prim_connait_ecol_second,1 D2 4 P
233401,primaire_select,prim_connait_ecol_second,1 D2 4 P
233402,primaire_select,prim_connait_ecol_second,1 D2 4 P
233404,primaire_select,prim_connait_ecol_second,1 D2 4 P
233405,primaire_select,prim_connait_ecol_second,1 D2 4 P
233406,primaire_select,prim_connait_ecol_second,1 D2 4 P
233416,primaire_select,prim_connait_ecol_second,1 D2 4 P
233417,primaire_select,prim_connait_ecol_second,1 D2 4 P
233418,primaire_select,prim_connait_ecol_second,1 D2 4 P
233425,primaire_select,prim_connait_ecol_second,1 D2 4 P
233427,primaire_select,prim_connait_ecol_second,1 D2 4 P
233428,primaire_select,prim_connait_ecol_second,1 D2 4 P
233430,primaire_select,prim_connait_ecol_second,1 D2 4 P
233431,primaire_select,prim_connait_ecol_second,1 D2 4 P
233432,primaire_select,prim_connait_ecol_second,1 D2 4 P
233434,primaire_select,prim_connait_ecol_second,1 D2 4 P
233438,primaire_select,prim_connait_ecol_second,1 D2 4 P
233439,primaire_select,prim_connait_ecol_second,1 D2 4 P
233442,primaire_select,prim_connait_ecol_second,1 D2 4 P
233445,primaire_select,prim_connait_ecol_second,1 D2 4 P
233446,primaire_select,prim_connait_ecol_second,1 D2 4 P
233447,primaire_select,prim_connait_ecol_second,1 D2 4 P
233448,primaire_select,prim_connait_ecol_second,1 D2 4 P
233449,primaire_select,prim_connait_ecol_second,1 D2 4 P
233454,primaire_select,prim_connait_ecol_second,1 D2 4 P
233458,primaire_select,prim_connait_ecol_second,1 D2 4 P
233466,primaire_select,prim_connait_ecol_second,1 D2 4 P
233468,primaire_select,prim_connait_ecol_second,1 D2 4 P
233469,primaire_select,prim_connait_ecol_second,1 D2 4 P
233470,primaire_select,prim_connait_ecol_second,1 D2 4 P
233471,primaire_select,prim_connait_ecol_second,1 D2 4 P
233472,primaire_select,prim_connait_ecol_second,1 D2 4 P
233473,primaire_select,prim_connait_ecol_second,1 D2 4 P
233474,primaire_select,prim_connait_ecol_second,1 D2 4 P
233475,primaire_select,prim_connait_ecol_second,1 D2 4 P
233482,primaire_select,prim_connait_ecol_second,1 D2 4 P
233483,primaire_select,prim_connait_ecol_second,1 D2 4 P
233486,primaire_select,prim_connait_ecol_second,1 D2 4 P
233491,primaire_select,prim_connait_ecol_second,1 D2 4 P
233492,primaire_select,prim_connait_ecol_second,1 D2 4 G
233493,primaire_select,prim_connait_ecol_second,1 D2 4 G
233494,primaire_select,prim_connait_ecol_second,1 D2 4 G
233497,primaire_select,prim_connait_ecol_second,1 D2 4 G
233502,primaire_select,prim_connait_ecol_second,1 D2 4 G
233503,primaire_select,prim_connait_ecol_second,1 D2 4 G
233507,primaire_select,prim_connait_ecol_second,1 D2 4 G
233509,primaire_select,prim_connait_ecol_second,1 D2 4 G
233513,primaire_select,prim_connait_ecol_second,1 D2 4 G
233525,primaire_select,prim_connait_ecol_second,1 D2 4 G
233526,primaire_select,prim_connait_ecol_second,1 D2 4 G
233536,primaire_select,prim_connait_ecol_second,1 D2 4 G
233539,primaire_select,prim_connait_ecol_second,1 D2 4 G
233540,primaire_select,prim_connait_ecol_second,1 D2 4 G
233546,primaire_select,prim_connait_ecol_second,1 D2 4 G
233548,primaire_select,prim_connait_ecol_second,1 D2 4 G
233549,primaire_select,prim_connait_ecol_second,1 D2 4 G
233550,primaire_select,prim_connait_ecol_second,1 D2 4 G
233553,primaire_select,prim_connait_ecol_second,1 D2 4 G
233554,primaire_select,prim_connait_ecol_second,1 D2 4 G
233556,primaire_select,prim_connait_ecol_second,1 D2 4 G
233558,primaire_select,prim_connait_ecol_second,1 D2 4 G
233560,primaire_select,prim_connait_ecol_second,1 D2 4 G
233568,primaire_select,prim_connait_ecol_second,1 D2 4 G
233570,primaire_select,prim_connait_ecol_second,1 D2 4 G
233596,primaire_select,prim_connait_ecol_second,1 D2 4 G
233597,primaire_select,prim_connait_ecol_second,1 D2 4 G
233600,primaire_select,prim_connait_ecol_second,1 D2 4 G
233627,primaire_select,prim_connait_ecol_second,1 D2 4 G
233630,primaire_select,prim_connait_ecol_second,1 D2 4 G
233631,primaire_select,prim_connait_ecol_second,1 D2 4 G
233634,primaire_select,prim_connait_ecol_second,1 D2 4 G
233635,primaire_select,prim_connait_ecol_second,1 D2 4 G
233637,primaire_select,prim_connait_ecol_second,1 D2 4 G
233638,primaire_select,prim_connait_ecol_second,1 D2 4 G
233639,primaire_select,prim_connait_ecol_second,1 D2 4 G
233640,primaire_select,prim_connait_ecol_second,1 D2 4 G
233644,primaire_select,prim_connait_ecol_second,1 D2 4 G
233646,primaire_select,prim_connait_ecol_second,1 D2 4 G
233647,primaire_select,prim_connait_ecol_second,1 D2 4 G
233648,primaire_select,prim_connait_ecol_second,1 D2 4 G
233649,primaire_select,prim_connait_ecol_second,1 D2 4 G
233650,primaire_select,prim_connait_ecol_second,1 D2 4 G
233651,primaire_select,prim_connait_ecol_second,1 D2 4 G
233656,primaire_select,prim_connait_ecol_second,1 D2 4 G
233659,primaire_select,prim_connait_ecol_second,1 D2 4 G
233661,primaire_select,prim_connait_ecol_second,1 D2 4 G
233662,primaire_select,prim_connait_ecol_second,1 D2 4 G
233665,primaire_select,prim_connait_ecol_second,1 D2 4 G
233666,primaire_select,prim_connait_ecol_second,1 D2 4 G
233671,primaire_select,prim_connait_ecol_second,1 D2 4 G
233672,primaire_select,prim_connait_ecol_second,1 D2 4 G
233678,primaire_select,prim_connait_ecol_second,1 D2 4 G
233679,primaire_select,prim_connait_ecol_second,1 D2 4 G
233681,primaire_select,prim_connait_ecol_second,1 D2 4 G
233682,primaire_select,prim_connait_ecol_second,1 D2 4 G
233698,primaire_select,prim_connait_ecol_second,1 D2 4 G
233699,primaire_select,prim_connait_ecol_second,1 D2 4 G
233709,primaire_select,prim_connait_ecol_second,1 D2 4 G
233712,primaire_select,prim_connait_ecol_second,1 D2 3 TT
233716,primaire_select,prim_connait_ecol_second,1 D2 3 TT
233722,primaire_select,prim_connait_ecol_second,1 D2 3 TT
233723,primaire_select,prim_connait_ecol_second,1 D2 3 TT
233725,primaire_select,prim_connait_ecol_second,1 D2 3 TT
233726,primaire_select,prim_connait_ecol_second,1 D2 3 TT
233728,primaire_select,prim_connait_ecol_second,1 D2 3 TT
233730,primaire_select,prim_connait_ecol_second,1 D2 3 TT
233732,primaire_select,prim_connait_ecol_second,1 D2 3 TT
233733,primaire_select,prim_connait_ecol_second,1 D2 3 TT
233734,primaire_select,prim_connait_ecol_second,1 D2 3 TT
233735,primaire_select,prim_connait_ecol_second,1 D2 3 TT
233736,primaire_select,prim_connait_ecol_second,1 D2 3 TT
233737,primaire_select,prim_connait_ecol_second,1 D2 3 TT
233738,primaire_select,prim_connait_ecol_second,1 D2 3 TT
233740,primaire_select,prim_connait_ecol_second,1 D2 3 TT
233741,primaire_select,prim_connait_ecol_second,1 D2 3 TT
233742,primaire_select,prim_connait_ecol_second,1 D2 3 TT
233743,primaire_select,prim_connait_ecol_second,1 D2 3 TT
233744,primaire_select,prim_connait_ecol_second,1 D2 3 TT
233745,primaire_select,prim_connait_ecol_second,1 D2 3 TT
233746,primaire_select,prim_connait_ecol_second,1 D2 3 TT
233747,primaire_select,prim_connait_ecol_second,1 D2 3 TT
233750,primaire_select,prim_connait_ecol_second,1 D2 3 TT
233753,primaire_select,prim_connait_ecol_second,1 D2 3 TT
233754,primaire_select,prim_connait_ecol_second,1 D2 3 TT
233755,primaire_select,prim_connait_ecol_second,1 D2 3 TT
233757,primaire_select,prim_connait_ecol_second,1 D2 3 TT
233758,primaire_select,prim_connait_ecol_second,1 D2 3 TT
233759,primaire_select,prim_connait_ecol_second,1 D2 3 TT
233761,primaire_select,prim_connait_ecol_second,1 D2 3 TT
233764,primaire_select,prim_connait_ecol_second,1 D2 3 TT
233766,primaire_select,prim_connait_ecol_second,1 D2 3 TT
233769,primaire_select,prim_connait_ecol_second,1 D2 3 TT
233773,primaire_select,prim_connait_ecol_second,1 D2 3 TT
233774,primaire_select,prim_connait_ecol_second,1 D2 3 TT
233777,primaire_select,prim_connait_ecol_second,1 D2 3 TT
233781,primaire_select,prim_connait_ecol_second,1 D2 3 TT
233783,primaire_select,prim_connait_ecol_second,1 D2 3 TT
233784,primaire_select,prim_connait_ecol_second,1 D2 3 TT
233785,primaire_select,prim_connait_ecol_second,1 D2 3 TT
233786,primaire_select,prim_connait_ecol_second,1 D2 3 TT
233788,primaire_select,prim_connait_ecol_second,1 D2 3 TT
233793,primaire_select,prim_connait_ecol_second,1 D2 3 TT
233795,primaire_select,prim_connait_ecol_second,1 D2 3 TT
233796,primaire_select,prim_connait_ecol_second,1 D2 3 TT
233799,primaire_select,prim_connait_ecol_second,1 D2 3 TT
233802,primaire_select,prim_connait_ecol_second,1 D2 3 TT
233803,primaire_select,prim_connait_ecol_second,1 D2 3 TT
233804,primaire_select,prim_connait_ecol_second,1 D2 3 TT
233808,primaire_select,prim_connait_ecol_second,1 D2 3 TT
233813,primaire_select,prim_connait_ecol_second,1 D2 3 TT
233814,primaire_select,prim_connait_ecol_second,1 D2 3 TT
233815,primaire_select,prim_connait_ecol_second,1 D2 3 TT
233816,primaire_select,prim_connait_ecol_second,1 D2 3 TT
233817,primaire_select,prim_connait_ecol_second,1 D2 3 TT
233818,primaire_select,prim_connait_ecol_second,1 D2 3 TT
233819,primaire_select,prim_connait_ecol_second,1 D2 3 TT
233820,primaire_select,prim_connait_ecol_second,1 D2 3 TT
233821,primaire_select,prim_connait_ecol_second,1 D2 3 TT
233831,primaire_select,prim_connait_ecol_second,1 D2 3 TT
233832,primaire_select,prim_connait_ecol_second,1 D2 3 TT
233839,primaire_select,prim_connait_ecol_second,1 D2 3 TT
233841,primaire_select,prim_connait_ecol_second,1 D2 3 TT
233843,primaire_select,prim_connait_ecol_second,1 D2 3 TT
233844,primaire_select,prim_connait_ecol_second,1 D2 3 TT
233846,primaire_select,prim_connait_ecol_second,1 D2 3 TQ
233847,primaire_select,prim_connait_ecol_second,1 D2 3 TQ
233848,primaire_select,prim_connait_ecol_second,1 D2 3 TQ
233849,primaire_select,prim_connait_ecol_second,1 D2 3 TQ
233850,primaire_select,prim_connait_ecol_second,1 D2 3 TQ
233854,primaire_select,prim_connait_ecol_second,1 D2 3 TQ
233857,primaire_select,prim_connait_ecol_second,1 D2 3 TQ
233862,primaire_select,prim_connait_ecol_second,1 D2 3 TQ
233863,primaire_select,prim_connait_ecol_second,1 D2 3 TQ
233864,primaire_select,prim_connait_ecol_second,1 D2 3 TQ
233865,primaire_select,prim_connait_ecol_second,1 D2 3 TQ
233867,primaire_select,prim_connait_ecol_second,1 D2 3 TQ
233869,primaire_select,prim_connait_ecol_second,1 D2 3 TQ
233870,primaire_select,prim_connait_ecol_second,1 D2 3 TQ
233871,primaire_select,prim_connait_ecol_second,1 D2 3 TQ
233874,primaire_select,prim_connait_ecol_second,1 D2 3 TQ
233875,primaire_select,prim_connait_ecol_second,1 D2 3 TQ
233876,primaire_select,prim_connait_ecol_second,1 D2 3 TQ
233877,primaire_select,prim_connait_ecol_second,1 D2 3 TQ
233882,primaire_select,prim_connait_ecol_second,1 D2 3 TQ
233895,primaire_select,prim_connait_ecol_second,1 D2 3 TQ
233896,primaire_select,prim_connait_ecol_second,1 D2 3 TQ
233898,primaire_select,prim_connait_ecol_second,1 D2 3 TQ
233899,primaire_select,prim_connait_ecol_second,1 D2 3 TQ
233904,primaire_select,prim_connait_ecol_second,1 D2 3 TQ
233905,primaire_select,prim_connait_ecol_second,1 D2 3 TQ
233906,primaire_select,prim_connait_ecol_second,1 D2 3 TQ
233907,primaire_select,prim_connait_ecol_second,1 D2 3 TQ
233909,primaire_select,prim_connait_ecol_second,1 D2 3 TQ
233910,primaire_select,prim_connait_ecol_second,1 D2 3 TQ
233911,primaire_select,prim_connait_ecol_second,1 D2 3 TQ
233912,primaire_select,prim_connait_ecol_second,1 D2 3 TQ
233913,primaire_select,prim_connait_ecol_second,1 D2 3 TQ
233914,primaire_select,prim_connait_ecol_second,1 D2 3 TQ
233916,primaire_select,prim_connait_ecol_second,1 D2 3 TQ
233918,primaire_select,prim_connait_ecol_second,1 D2 3 TQ
233919,primaire_select,prim_connait_ecol_second,1 D2 3 TQ
233920,primaire_select,prim_connait_ecol_second,1 D2 3 TQ
233921,primaire_select,prim_connait_ecol_second,1 D2 3 TQ
233922,primaire_select,prim_connait_ecol_second,1 D2 3 TQ
233923,primaire_select,prim_connait_ecol_second,1 D2 3 TQ
233924,primaire_select,prim_connait_ecol_second,1 D2 3 TQ
233928,primaire_select,prim_connait_ecol_second,1 D2 3 TQ
233929,primaire_select,prim_connait_ecol_second,1 D2 3 P
233930,primaire_select,prim_connait_ecol_second,1 D2 3 P
233931,primaire_select,prim_connait_ecol_second,1 D2 3 P
233934,primaire_select,prim_connait_ecol_second,1 D2 3 P
233935,primaire_select,prim_connait_ecol_second,1 D2 3 P
233938,primaire_select,prim_connait_ecol_second,1 D2 3 P
233940,primaire_select,prim_connait_ecol_second,1 D2 3 P
233942,primaire_select,prim_connait_ecol_second,1 D2 3 P
233943,primaire_select,prim_connait_ecol_second,1 D2 3 P
233945,primaire_select,prim_connait_ecol_second,1 D2 3 P
233946,primaire_select,prim_connait_ecol_second,1 D2 3 P
233947,primaire_select,prim_connait_ecol_second,1 D2 3 P
233948,primaire_select,prim_connait_ecol_second,1 D2 3 P
233958,primaire_select,prim_connait_ecol_second,1 D2 3 P
233959,primaire_select,prim_connait_ecol_second,1 D2 3 P
233962,primaire_select,prim_connait_ecol_second,1 D2 3 P
233965,primaire_select,prim_connait_ecol_second,1 D2 3 P
233968,primaire_select,prim_connait_ecol_second,1 D2 3 P
233969,primaire_select,prim_connait_ecol_second,1 D2 3 P
233970,primaire_select,prim_connait_ecol_second,1 D2 3 P
233973,primaire_select,prim_connait_ecol_second,1 D2 3 P
233975,primaire_select,prim_connait_ecol_second,1 D2 3 P
233977,primaire_select,prim_connait_ecol_second,1 D2 3 P
233978,primaire_select,prim_connait_ecol_second,1 D2 3 P
233979,primaire_select,prim_connait_ecol_second,1 D2 3 P
233981,primaire_select,prim_connait_ecol_second,1 D2 3 P
233982,primaire_select,prim_connait_ecol_second,1 D2 3 P
233983,primaire_select,prim_connait_ecol_second,1 D2 3 P
233984,primaire_select,prim_connait_ecol_second,1 D2 3 P
233985,primaire_select,prim_connait_ecol_second,1 D2 3 P
233986,primaire_select,prim_connait_ecol_second,1 D2 3 P
233987,primaire_select,prim_connait_ecol_second,1 D2 3 P
233988,primaire_select,prim_connait_ecol_second,1 D2 3 P
233995,primaire_select,prim_connait_ecol_second,1 D2 3 P
233997,primaire_select,prim_connait_ecol_second,1 D2 3 P
233998,primaire_select,prim_connait_ecol_second,1 D2 3 P
233999,primaire_select,prim_connait_ecol_second,1 D2 3 P
234000,primaire_select,prim_connait_ecol_second,1 D2 3 P
234001,primaire_select,prim_connait_ecol_second,1 D2 3 P
234002,primaire_select,prim_connait_ecol_second,1 D2 3 P
234004,primaire_select,prim_connait_ecol_second,1 D2 3 P
234006,primaire_select,prim_connait_ecol_second,1 D2 3 P
234007,primaire_select,prim_connait_ecol_second,1 D2 3 P
234009,primaire_select,prim_connait_ecol_second,1 D2 3 P
234011,primaire_select,prim_connait_ecol_second,1 D2 3 P
234012,primaire_select,prim_connait_ecol_second,1 D2 3 P
234013,primaire_select,prim_connait_ecol_second,1 D2 3 P
234015,primaire_select,prim_connait_ecol_second,1 D2 3 P
234016,primaire_select,prim_connait_ecol_second,1 D2 3 P
234018,primaire_select,prim_connait_ecol_second,1 D2 3 G
234019,primaire_select,prim_connait_ecol_second,1 D2 3 G
234020,primaire_select,prim_connait_ecol_second,1 D2 3 G
234021,primaire_select,prim_connait_ecol_second,1 D2 3 G
234022,primaire_select,prim_connait_ecol_second,1 D2 3 G
234023,primaire_select,prim_connait_ecol_second,1 D2 3 G
234025,primaire_select,prim_connait_ecol_second,1 D2 3 G
234026,primaire_select,prim_connait_ecol_second,1 D2 3 G
234027,primaire_select,prim_connait_ecol_second,1 D2 3 G
234032,primaire_select,prim_connait_ecol_second,1 D2 3 G
234033,primaire_select,prim_connait_ecol_second,1 D2 3 G
234034,primaire_select,prim_connait_ecol_second,1 D2 3 G
234035,primaire_select,prim_connait_ecol_second,1 D2 3 G
234036,primaire_select,prim_connait_ecol_second,1 D2 3 G
234041,primaire_select,prim_connait_ecol_second,1 D2 3 G
234042,primaire_select,prim_connait_ecol_second,1 D2 3 G
234044,primaire_select,prim_connait_ecol_second,1 D2 3 G
234045,primaire_select,prim_connait_ecol_second,1 D2 3 G
234047,primaire_select,prim_connait_ecol_second,1 D2 3 G
234049,primaire_select,prim_connait_ecol_second,1 D2 3 G
234050,primaire_select,prim_connait_ecol_second,1 D2 3 G
234052,primaire_select,prim_connait_ecol_second,1 D2 3 G
234054,primaire_select,prim_connait_ecol_second,1 D2 3 G
234055,primaire_select,prim_connait_ecol_second,1 D2 3 G
234066,primaire_select,prim_connait_ecol_second,1 D2 3 G
234068,primaire_select,prim_connait_ecol_second,1 D2 3 G
234069,primaire_select,prim_connait_ecol_second,1 D2 3 G
234072,primaire_select,prim_connait_ecol_second,1 D2 3 G
234074,primaire_select,prim_connait_ecol_second,1 D2 3 G
234075,primaire_select,prim_connait_ecol_second,1 D2 3 G
234076,primaire_select,prim_connait_ecol_second,1 D2 3 G
234077,primaire_select,prim_connait_ecol_second,1 D2 3 G
234078,primaire_select,prim_connait_ecol_second,1 D2 3 G
234079,primaire_select,prim_connait_ecol_second,1 D2 3 G
234080,primaire_select,prim_connait_ecol_second,1 D2 3 G
234081,primaire_select,prim_connait_ecol_second,1 D2 3 G
234082,primaire_select,prim_connait_ecol_second,1 D2 3 G
234083,primaire_select,prim_connait_ecol_second,1 D2 3 G
234084,primaire_select,prim_connait_ecol_second,1 D2 3 G
234086,primaire_select,prim_connait_ecol_second,1 D2 3 G
234087,primaire_select,prim_connait_ecol_second,1 D2 3 G
234088,primaire_select,prim_connait_ecol_second,1 D2 3 G
234089,primaire_select,prim_connait_ecol_second,1 D2 3 G
234090,primaire_select,prim_connait_ecol_second,1 D2 3 G
234091,primaire_select,prim_connait_ecol_second,1 D2 3 G
234092,primaire_select,prim_connait_ecol_second,1 D2 3 G
234093,primaire_select,prim_connait_ecol_second,1 D2 3 G
234095,primaire_select,prim_connait_ecol_second,1 D2 3 G
234097,primaire_select,prim_connait_ecol_second,1 D2 3 G
234098,primaire_select,prim_connait_ecol_second,1 D2 3 G
234100,primaire_select,prim_connait_ecol_second,1 D2 3 G
234102,primaire_select,prim_connait_ecol_second,1 D2 3 G
234103,primaire_select,prim_connait_ecol_second,1 D2 3 G
234105,primaire_select,prim_connait_ecol_second,1 D2 3 G
234107,primaire_select,prim_connait_ecol_second,1 D2 3 G
234111,primaire_select,prim_connait_ecol_second,1 D2 3 G
234112,primaire_select,prim_connait_ecol_second,1 D2 3 G
234113,primaire_select,prim_connait_ecol_second,1 D2 3 G
234115,primaire_select,prim_connait_ecol_second,1 D2 3 G
234116,primaire_select,prim_connait_ecol_second,1 D2 3 G
234117,primaire_select,prim_connait_ecol_second,1 D2 3 G
234118,primaire_select,prim_connait_ecol_second,1 D2 3 G
234119,primaire_select,prim_connait_ecol_second,1 D2 3 G
234120,primaire_select,prim_connait_ecol_second,1 D2 3 G
234121,primaire_select,prim_connait_ecol_second,1 D2 3 G
234122,primaire_select,prim_connait_ecol_second,1 D2 3 G
234123,primaire_select,prim_connait_ecol_second,1 D2 3 G
234124,primaire_select,prim_connait_ecol_second,1 D2 3 G
234125,primaire_select,prim_connait_ecol_second,1 D2 3 G
234126,primaire_select,prim_connait_ecol_second,1 D2 3 G
234128,primaire_select,prim_connait_ecol_second,1 D2 3 G
234130,primaire_select,prim_connait_ecol_second,1 D2 3 G
234131,primaire_select,prim_connait_ecol_second,1 D2 3 G
234132,primaire_select,prim_connait_ecol_second,1 D2 3 G
234134,primaire_select,prim_connait_ecol_second,1 D2 3 G
234135,primaire_select,prim_connait_ecol_second,1 D2 3 G
234136,primaire_select,prim_connait_ecol_second,1 D2 3 G
234147,primaire_select,prim_connait_ecol_second,1 D2 3 G
234148,primaire_select,prim_connait_ecol_second,1 D2 3 G
234149,primaire_select,prim_connait_ecol_second,1 D2 3 G
234150,primaire_select,prim_connait_ecol_second,1 D2 3 G
234151,primaire_select,prim_connait_ecol_second,1 D2 3 G
234152,primaire_select,prim_connait_ecol_second,1 D2 3 G
234153,primaire_select,prim_connait_ecol_second,1 D2 3 G
234154,primaire_select,prim_connait_ecol_second,1 D2 3 G
234155,primaire_select,prim_connait_ecol_second,1 D2 3 G
234156,primaire_select,prim_connait_ecol_second,1 D2 3 G
234157,primaire_select,prim_connait_ecol_second,1 D2 3 G
234158,primaire_select,prim_connait_ecol_second,1 D2 3 G
234159,primaire_select,prim_connait_ecol_second,1 D2 3 G
234160,primaire_select,prim_connait_ecol_second,1 D2 3 G
234161,primaire_select,prim_connait_ecol_second,1 D2 3 G
234162,primaire_select,prim_connait_ecol_second,1 D2 3 G
234163,primaire_select,prim_connait_ecol_second,1 D2 3 G
234164,primaire_select,prim_connait_ecol_second,1 D2 3 G
234165,primaire_select,prim_connait_ecol_second,1 D2 3 G
234179,primaire_select,prim_connait_ecol_second,1 D2 3 G
234185,primaire_select,prim_connait_ecol_second,1 D2 3 G
234188,primaire_select,prim_connait_ecol_second,1 D2 3 G
234189,primaire_select,prim_connait_ecol_second,1 D2 3 G
234196,primaire_select,prim_connait_ecol_second,1 D2 3 G
234197,primaire_select,prim_connait_ecol_second,1 D2 3 G
234200,primaire_select,prim_connait_ecol_second,1 D2 3 G
234201,primaire_select,prim_connait_ecol_second,1 D2 3 G
234202,primaire_select,prim_connait_ecol_second,1 D2 3 G
234203,primaire_select,prim_connait_ecol_second,1 D2 3 G
234205,primaire_select,prim_connait_ecol_second,1 D2 3 G
234206,primaire_select,prim_connait_ecol_second,1 D2 3 G
234207,primaire_select,prim_connait_ecol_second,1 D2 3 G
234208,primaire_select,prim_connait_ecol_second,1 D2 3 G
234209,primaire_select,prim_connait_ecol_second,1 D2 3 G
234215,primaire_select,prim_connait_ecol_second,1 D2 3 G
234216,primaire_select,prim_connait_ecol_second,1 D2 3 G
234217,primaire_select,prim_connait_ecol_second,1 D2 3 G
234225,primaire_select,prim_connait_ecol_second,1 D2 3 G
234226,primaire_select,prim_connait_ecol_second,1 D2 3 G
234227,primaire_select,prim_connait_ecol_second,1 D2 3 G
234228,primaire_select,prim_connait_ecol_second,1 D2 3 G
234229,primaire_select,prim_connait_ecol_second,1 D2 3 G
234230,primaire_select,prim_connait_ecol_second,1 D2 3 G
234231,primaire_select,prim_connait_ecol_second,1 D2 3 G
234232,primaire_select,prim_connait_ecol_second,1 D2 3 G
234233,primaire_select,prim_connait_ecol_second,1 D2 3 G
234235,primaire_select,prim_connait_ecol_second,1 D2 3 G
234236,primaire_select,prim_connait_ecol_second,1 D2 3 G
234237,primaire_select,prim_connait_ecol_second,1 D2 3 G
234238,primaire_select,prim_connait_ecol_second,1 D2 3 G
234241,primaire_select,prim_connait_ecol_second,1 D2 3 G
234243,primaire_select,prim_connait_ecol_second,1 D2 3 G
234245,primaire_select,prim_connait_ecol_second,1 D2 3 AT
234247,primaire_select,prim_connait_ecol_second,1 D2 3 AT
234248,primaire_select,prim_connait_ecol_second,1 D2 3 AT
