"NS_OBJ_ID_OBG","CO_OBG","TE_INTITULE_OBG","SW_QUAL_OBG","DT_FIN_OBG"
636,"1001",OUVRIER/OUVRIERE EN IMPLANTATION ET ENTRETIEN DES PARCS ET JARDINS,"1",
637,"1003",PALEFRENIER/PALEFRENIERE,"1",
638,"1007",OUVRIER JARDINIER/OUVRIERE JARDINIERE,"1",
639,"1010",OUVRIER/OUVRIERE EN CULTURES MARAICHERES SOUS ABRI ET DE PLEIN CHAMP,"1",
640,"1015",OUVRIER FORESTIER/OUVRIERE FORESTIERE,"1",
641,"1018",GROOM LAD,"1",
642,"1101",AGRICULTURE ET MAINTENANCE DE MATERIEL,"1",
643,"1104",AGRICULTURE,"1",
644,"1106",AGRONOMIE,"1",
645,"1107",SCIENCES AGRONOMIQUES,"1",
646,"1108",OUVRIER QUALIFIE/OUVRIERE QUALIFIEE EN AGRICULTURE,"1","2021-08-31"
647,"1109",TECHNICIEN/TECHNICIENNE EN AGRICULTURE,"1",
648,"1111",TECHNICIEN/TECHNICIENNE EN AGROEQUIPEMENT,"1",
649,"1113",COMPLEMENT EN DIVERSIFICATION DES PRODUCTIONS ET TRANSFORMATION DE PRODUITS,"0",
650,"1114",COMPLEMENT EN PRODUCTIONS AGRICOLES,"0",
651,"1115",COMPLEMENT EN MECANIQUE AGRICOLE ET/OU HORTICOLE,"0",
652,"1116",PISCICULTEUR AQUACULTEUR/PISCICULTRICE AQUACULTRICE PRODUCTIONS EN AQUACULTURE ANIMALE,"1",
653,"1117",ASSISTANT/ASSISTANTE EN SOINS ANIMALIERS,"1",
654,"1202",HORTICULTURE ET MAINTENANCE DE MATERIEL,"1",
655,"1203",HORTICULTURE,"1",
656,"1207",FLEURISTE,"1",
657,"1208",OUVRIER QUALIFIE/OUVRIERE QUALIFIEE EN HORTICULTURE,"1",
658,"1209",TECHNICIEN/TECHNICIENNE EN HORTICULTURE,"1",
659,"1211",COMPLEMENT EN PRODUCTIONS HORTICOLES ET DECORATION FLORALE,"0",
660,"1213",COMPLEMENT EN ART FLORAL,"0",
661,"1214",HORTICULTEUR SPECIALISE/HORTICULTRICE SPECIALISEE EN AMENAGEMENT DE PARCS ET JARDINS,"1",
662,"1306",AGENT/AGENTE TECHNIQUE DE LA NATURE ET DES FORETS,"1",
663,"1307",GESTIONNAIRE DES RESSOURCES NATURELLES ET FORESTIERES,"1",
664,"1308",TECHNICIEN/TECHNICIENNE EN ENVIRONNEMENT,"1",
665,"1312",ARBORISTE : GRIMPEUR-ELAGUEUR/GRIMPEUSE-ELAGUEUSE,"1",
666,"1313",COMPLEMENT EN DIVERSIFICATION ET AMENAGEMENT D'ESPACE RURAL,"0",
667,"1314",OUVRIER QUALIFIE/OUVRIERE QUALIFIEE EN SYLVICULTURE,"1",
668,"1315",ARBORISTE : GRIMPEUR-ELAGUEUR/GRIMPEUSE-ELAGUEUSE,"1",
669,"1316",COMPLEMENT EN CONDUITE D'ENGINS FORESTIERS,"0",
670,"1403",AGENT QUALIFIE/AGENTE QUALIFIEE DANS LES METIERS DU CHEVAL,"1",
671,"1404",EQUITATION,"1",
672,"1405",COMPLEMENT EN ELEVAGE ET GESTION DE TROUPEAUX,"0",
673,"1406",COMPLEMENT EN TECHNIQUES D'ENSEIGNEMENT DE L'EQUITATION,"1",
674,"2002",PEINTRE EN CARROSSERIE,"1",
675,"2003",MANUTENTIONNAIRE-CARISTE,"1",
676,"2004",METALLIER/METALLIERE,"1",
677,"2005",AIDE-ELECTRICIEN/AIDE-ELECTRICIENNE,"1",
678,"2008",AIDE MECANICIEN/AIDE MECANICIENNE GARAGISTE,"1",
679,"2011",MONTEUR/MONTEUSE DE PNEUS-ALIGNEUR,"1",
680,"2012",TOLIER EN CARROSSERIE/TOLIERE EN CARROSSERIE,"1",
681,"2105",ELECTRICITE,"1",
682,"2110",ELECTRICIEN INSTALLATEUR-MONTEUR/ELECTRICIENNE INSTALLATRICE-MONTEUSE,"1",
683,"2112",ELECTRICIEN INSTALLATEUR/ELECTRICIENNE INSTALLATRICE EN RESIDENTIEL,"1",
684,"2113",ELECTRICIEN INSTALLATEUR INDUSTRIEL/ELECTRICIENNE INSTALLATRICE INDUSTRIELLE,"1",
685,"2205",ELECTRONIQUE INFORMATIQUE,"1",
686,"2213",TECHNICIEN/TECHNICIENNE EN INFORMATIQUE,"1",
687,"2214",TECHNICIEN/TECHNICIENNE EN ELECTRONIQUE,"1",
688,"2215",TECHNICIEN/TECHNICIENNE EN TELECOMMUNICATION,"1",
689,"2216",TECHNICIEN/TECHNICIENNE EN CLIMATISATION ET CONDITIONNEMENT D'AIR,"1",
690,"2217",COMPLEMENT EN SYSTEMES ELECTRONIQUES DE L'AUTOMOBILE,"0",
691,"2218",ASSISTANT/ASSISTANTE DE MAINTENANCE PC-RESEAUX,"1",
692,"2301",ELECTROMECANIQUE,"1",
693,"2309",SCIENTIFIQUE INDUSTRIELLE : ELECTROMECANIQUE,"1",
694,"2315",MECANIQUE POLYVALENTE,"1",
695,"2318",IMPRIMERIE,"1",
696,"2321",INDUSTRIE GRAPHIQUE,"1",
697,"2323",ELECTROMENAGER ET MATERIEL DE BUREAU,"0",
698,"2324",INSTALLATEUR-REPARATEUR/INSTALLATRICE-REPARATRICE D'APPAREILS ELECTROMENAGERS,"1",
699,"2325",MECANICIEN/MECANICIENNE D'ENTRETIEN,"1",
700,"2326",OPERATEUR/OPERATRICE EN INDUSTRIE GRAPHIQUE,"1",
701,"2327",TECHNICIEN/TECHNICIENNE EN INDUSTRIE GRAPHIQUE,"1",
702,"2328",TECHNICIEN/TECHNICIENNE EN USINAGE,"1",
703,"2330",COMPLEMENT EN TECHNIQUES SPECIALISEES D'INDUSTRIE GRAPHIQUE,"0",
704,"2331",MECANICIEN/MECANICIENNE EN CYCLES,"1",
705,"2332",MECANICIEN/MECANICIENNE D'ENTRETIEN AUTOMOBILE,"1",
706,"2409",ELECTRICIEN AUTOMATICIEN/ELECTRICIENNE AUTOMATICIENNE,"1",
707,"2410",MECANICIEN AUTOMATICIEN/MECANICIENNE AUTOMATICIENNE,"1",
708,"2413",TECHNICIEN/TECHNICIENNE EN MAINTENANCE DE SYSTEMES AUTOMATISES INDUSTRIELS,"1",
709,"2414",COMPLEMENT EN PRODUCTIQUE,"0",
710,"2415",COMPLEMENT EN MAINTENANCE D'EQUIPEMENTS TECHNIQUES,"0",
711,"2416",COMPLEMENT EN MAINTENANCE D'EQUIPEMENTS BIOMEDICAUX,"0",
712,"2505",MECANIQUE AUTOMOBILE,"1",
713,"2507",MECANIQUE GARAGE,"1",
714,"2517",MECANICIEN/MECANICIENNE GARAGISTE,"1",
715,"2519",TECHNICIEN/TECHNICIENNE DE L'AUTOMOBILE,"1",
716,"2521",MECANICIEN/MECANICIENNE DES MOTEURS DIESELS ET ENGINS HYDRAULIQUES,"1",
717,"2522",COMPLEMENT EN SYSTEMES ELECTRONIQUES DE L'AUTOMOBILE S-O,"1",
718,"2523",COMPLEMENT EN ELECTRICITE DE L'AUTOMOBILE,"0",
719,"2524",TECHNICIEN/TECHNICIENNE EN MAINTENANCE ET DIAGNOSTIC AUTOMOBILE,"1",
720,"2525",TECHNICIEN/TECHNICIENNE MOTOS,"1",
721,"2526",MECANICIEN/MECANICIENNE AUTOMOBILE,"1",
722,"2527",MECANICIEN POLYVALENT/MECANICIENNE POLYVALENTE AUTOMOBILE,"1",
723,"2605",ARMURERIE,"1",
724,"2607",HORLOGERIE,"1",
725,"2612",BATELLERIE,"1",
726,"2619",CONDUCTEUR/CONDUCTRICE POIDS LOURDS,"1",
727,"2621",ARMURIER/ARMURIERE,"1",
728,"2623",BATELIER/BATELIERE,"1",
729,"2624",HORLOGER/HORLOGERE,"1",
730,"2625",METALLIER SOUDEUR/METALLIERE SOUDEUSE,"1",
731,"2627",MICROTECHNIQUE,"1",
732,"2628",TECHNICIEN/TECHNICIENNE EN MICROTECHNIQUE,"1",
733,"2629",DESSINATEUR/DESSINATRICE EN DAO,"1",
734,"2633",ARMURIER MONTEUR/ARMURIERE MONTEUSE A BOIS,"1",
735,"2634",CONDUCTEUR/CONDUCTRICE D'AUTOBUS ET D'AUTOCAR,"1",
736,"2635",COMPLEMENT EN MICROTECHNIQUE,"0",
737,"2636",COMPLEMENT EN SOUDAGE SUR TOLES ET SUR TUBES,"0",
738,"2637",COMPLEMENT EN CONDUITE DE POIDS LOURDS ET MANUTENTION,"0",
739,"2638",COMPLEMENT EN TECHNIQUES SPECIALISEES D'ARMURERIE,"0",
740,"2639",COMPLEMENT EN TECHNIQUES SPECIALISEES D'HORLOGERIE,"0",
741,"2640",COMPLEMENT EN CHAUDRONNERIE,"0",
742,"2641",COMPLEMENT EN MAINTENANCE AERONAUTIQUE,"0",
743,"2643","MECANICIEN/MECANICIENNE POUR MATERIEL DE PARCS, JARDINS ET ESPACES VERTS","1",
744,"2704",CONSTRUCTION METALLIQUE SOUDAGE,"1",
745,"2707",CARROSSIER/CARROSSIERE,"1",
746,"2709",TECHNICIEN/TECHNICIENNE PLASTURGISTE,"1",
747,"2711",TECHNICIEN/TECHNICIENNE EN FONDERIE,"1",
748,"2712",COMPLEMENT EN PLASTURGIE,"0",
749,"2714",COMPLEMENT EN TRAVAUX SUR CARROSSERIE,"0",
750,"2715",CARROSSIER SPECIALISE/CARROSSIERE SPECIALISEE,"1",
751,"2804",TECHNICIEN/TECHNICIENNE DU FROID,"1",
752,"3001",MONTEUR/MONTEUSE EN SANITAIRE,"1",
753,"3002",MONTEUR/MONTEUSE EN CHAUFFAGE,"1",
754,"3003",MACON/MACONNE,"1",
755,"3007",FERRAILLEUR/FERRAILLEUSE,"1",
756,"3010",COFFREUR/COFFREUSE,"1",
757,"3013",OUVRIER/OUVRIERE EN ENTRETIEN DU BATIMENT ET DE SON ENVIRONNEMENT,"1",
758,"3015",VOIRISTE,"1",
759,"3016",PAVEUR/PAVEUSE,"1",
760,"3018",BETONNEUR/BETONNEUSE,"1",
761,"3019",CHAPISTE,"1",
762,"3022",OUVRIER PLAFONNEUR/OUVRIERE PLAFONNEUSE,"1",
763,"3024",OUVRIER CARRELEUR/OUVRIERE CARRELEUSE,"1",
764,"3025",MONTEUR-PLACEUR/MONTEUSE-PLACEUSE D'ELEMENTS MENUISES,"1",
765,"3026",POSEUR/POSEUSE DE COUVERTURES NON METALLIQUES,"1",
766,"3028",OUVRIER/OUVRIERE EN PEINTURE DU BATIMENT,"1",
767,"3032","OUVRIER - POSEUR/OUVRIERE - POSEUSE DE FAUX PLAFONDS, CLOISONS ET PLANCHERS SURELEVES","1",
768,"3034",JOINTOYEUR - RAVALEUR/JOINTOYEUSE - RAVALEUSE DE FACADES,"1",
769,"3036",OUVRIER - POSEUR/OUVRIERE - POSEUSE DE REVETEMENTS SOUPLES DE SOL,"1",
770,"3102",BOIS,"1",
771,"3106",INDUSTRIE DU BOIS,"1",
772,"3111",MENUISERIE DU BATIMENT,"1",
773,"3117",EBENISTE,"1",
774,"3118",MENUISIER/MENUISIERE,"1",
775,"3121",SCULPTEUR/SCULPTRICE SUR BOIS,"1",
776,"3122",TECHNICIEN/TECHNICIENNE DES INDUSTRIES DU BOIS,"1",
777,"3125",COMPLEMENT EN CREATION ET RESTAURATION DE MEUBLES,"0",
778,"3126",COMPLEMENT EN MARQUETERIE,"0",
779,"3128",COMPLEMENT EN TECHNIQUES SPECIALISEES DE SCULPTURE,"0",
780,"3130",COMPLEMENT EN INDUSTRIE DU BOIS,"0",
781,"3131",RESTAURATEUR-GARNISSEUR/RESTAURATRICE-GARNISSEUSE DE SIEGES,"1",
782,"3132",MENUISIER/MENUISIERE EN PVC ET ALU,"1",
783,"3133",CUISINISTE,"1",
784,"3134",PARQUETEUR/PARQUETEUSE,"1",
785,"3202",TECHNICIEN SPECIALISE/TECHNICIENNE SPECIALISEE EN METRE ET DEVIS,"1",
786,"3206",SCIENTIFIQUE INDUSTRIELLE : CONSTRUCTION ET TRAVAUX PUBLICS,"1",
787,"3208",CONDUCTEUR/CONDUCTRICE D'ENGINS DE CHANTIER,"1",
788,"3209",CONSTRUCTION,"1",
789,"3216",TRAVAUX PUBLICS,"1",
790,"3219",COUVREUR/COUVREUSE,"1",
791,"3221",DESSINATEUR/DESSINATRICE EN CONSTRUCTION,"1",
792,"3223",TECHNICIEN/TECHNICIENNE EN CONSTRUCTION ET TRAVAUX PUBLICS,"1",
793,"3224",TECHNICIEN/TECHNICIENNE DES CONSTRUCTIONS EN BOIS,"1",
794,"3225",ETANCHEUR/ETANCHEUSE,"1",
795,"3226",CHARPENTIER/CHARPENTIERE,"1",
796,"3227",COMPLEMENT EN TECHNIQUES SPECIALISEES DE COUVERTURE,"0",
797,"3228",DESSINATEUR/DESSINATRICE DAO EN CONSTRUCTION,"1",
798,"3301",TAILLEUR DE PIERRE-MARBRIER/TAILLEUSE DE PIERRE-MARBRIERE,"1",
799,"3302",OUVRIER QUALIFIE/OUVRIERE QUALIFIEE EN CONSTRUCTION-GROS OEUVRE,"1",
800,"3303",CONSTRUCTION-GROS OEUVRE,"1",
801,"3304",TECHNICIEN/TECHNICIENNE EN ENCADREMENT DE CHANTIER,"1",
802,"3305",COMPLEMENT EN POSE DE PIERRES NATURELLES,"0",
803,"3306",COMPLEMENT EN TECHNIQUES SPECIALISEES EN CONSTRUCTION-GROS OEUVRE,"0",
804,"3307",COMPLEMENT EN MARBRERIE-GRAVURE,"0",
805,"3309","OUVRIER/OUVRIERE EN RENOVATION, RESTAURATION ET CONSERVATION DU BATIMENT","1",
806,"3416",EQUIPEMENT DU BATIMENT,"1",
807,"3423",MONTEUR/MONTEUSE EN SANITAIRE ET EN CHAUFFAGE,"1",
808,"3425",INSTALLATEUR/INSTALLATRICE EN SANITAIRE,"1",
809,"3426",COMPLEMENT EN AGENCEMENT D'INTERIEUR,"0",
810,"3428",INSTALLATEUR/INSTALLATRICE EN CHAUFFAGE CENTRAL,"1",
811,"3501",PLAFONNEUR/PLAFONNEUSE,"1",
812,"3507",CARRELEUR/CARRELEUSE,"1",
813,"3509",PEINTRE,"1",
814,"3511",TAPISSIER GARNISSEUR/TAPISSIERE GARNISSEUSE,"1",
815,"3513",RESTAURATEUR-GARNISSEUR/RESTAURATRICE-GARNISSEUSE DE MEUBLES,"1",
816,"3514","COMPLEMENT EN PLATRAGE, CIMENTAGE ET ENDUISAGE","0",
817,"3515",COMPLEMENT EN TECHNIQUES DE TAPISSERIE-GARNISSAGE,"0",
818,"3516",COMPLEMENT EN PEINTURE INDUSTRIELLE,"0",
819,"3517",VITRIER/VITRIERE,"1",
820,"3518",COMPLEMENT EN TECHNIQUES SPECIALISEES DE VITRERIE,"0",
821,"3519",COMPLEMENT EN PEINTURE-DECORATION,"0",
822,"4001",COMMIS/COMMISE DE CUISINE,"1",
823,"4002",COMMIS/COMMISE DE SALLE,"1",
824,"4111",RESTAURATION,"1",
825,"4116",RESTAURATEUR/RESTAURATRICE,"1",
826,"4117",CUISINE ET SALLE,"1",
827,"4118",HOTELIER - RESTAURATEUR/HOTELIERE - RESTAURATRICE,"1",
828,"4119",EQUIPIER POLYVALENT/EQUIPIERE POLYVALENTE EN RESTAURATION,"1",
829,"4120",SOMMELIER/SOMMELIERE,"1",
830,"4121",COMPLEMENT EN HOTELLERIE EUROPEENNE,"0",
831,"4122",COMPLEMENT EN ACCUEIL ET RECEPTION EN MILIEU HOTELIER,"0",
832,"4123",COMPLEMENT EN CUISINE INTERNATIONALE,"0",
833,"4124",COMPLEMENT EN TECHNIQUES SPECIALISEES DE RESTAURATION,"0",
834,"4125",TRAITEUR-ORGANISATEUR/TRAITEUR-ORGANISATRICE DE BANQUETS ET DE RECEPTIONS,"1",
835,"4126",CHEF DE CUISINE DE COLLECTIVITE,"1",
836,"4127",RESPONSABLE D'EQUIPE(S) EN CHAINES DE RESTAURATION,"1",
837,"4128",CUISINIER/CUISINIERE DE COLLECTIVITE,"1",
838,"4203",BOUCHERIE-CHARCUTERIE,"1",
839,"4205",BOUCHER-CHARCUTIER/BOUCHERE-CHARCUTIERE,"1",
840,"4207",PATRON BOUCHER-CHARCUTIER-TRAITEUR/PATRONNE BOUCHERE-CHARCUTIERE-TRAITEUR,"1",
841,"4301",BOULANGERIE-PATISSERIE,"1",
842,"4310",BOULANGER-PATISSIER/BOULANGERE-PATISSIERE,"1",
843,"4311",CHOCOLATIER-CONFISEUR-GLACIER/CHOCOLATIERE-CONFISEUSE-GLACIERE,"1",
844,"4312",PATRON BOULANGER-PATISSIER-CHOCOLATIER/PATRONNE BOULANGERE-PATISSIERE-CHOCOLATIERE,"1",
845,"4405",GESTIONNAIRE DE CUISINE DE COLLECTIVITES,"1",
846,"5102",CONDUCTEUR/CONDUCTRICE DE MACHINES DE FABRICATION DE PRODUITS TEXTILES,"1",
847,"5103",TECHNICIEN/TECHNICIENNE EN TEXTILE TECHNIQUE,"1",
848,"5206",MODE ET HABILLEMENT,"1",
849,"5207",AGENT/AGENTE TECHNIQUE EN MODE ET CREATION,"1",
850,"5221",TAILLEUR/TAILLEUSE,"1",
851,"5227",AGENT QUALIFIE/AGENTE QUALIFIEE EN CONFECTION,"1",
852,"5228",CONFECTION,"1",
853,"5231",VENDEUR RETOUCHEUR/VENDEUSE RETOUCHEUSE,"1",
854,"5234",COMPLEMENT EN CONFECTION SUR MESURES ET DEMI-MESURES,"0",
855,"5235",COMPLEMENT EN LINGERIE FINE,"0",
856,"5236",COMPLEMENT EN VETEMENTS DE TRAVAIL ET DE LOISIRS,"0",
857,"5238",COMPLEMENT EN STYLISME,"0",
858,"5239",AGENT POLYVALENT/AGENTE POLYVALENTE DANS LA CONFECTION DES COSTUMES DE SCENE OU DE SPECTACLES,"1",
859,"5303",COMPLEMENT EN TEXTILE ET CONFECTION D'AMEUBLEMENT,"0",
860,"6101",ARTS,"1",
861,"6102",ARTS APPLIQUES,"1",
862,"6107",ETALAGISTE,"1",
863,"6111",TECHNIQUES ARTISTIQUES,"1",
864,"6112",ARTS PLASTIQUES,"0",
865,"6113",ART ET STRUCTURE DE L'HABITAT,"0",
866,"6115",ASSISTANT/ASSISTANTE EN DECORATION,"1",
867,"6116",ASSISTANT/ASSISTANTE AUX METIERS DE LA PUBLICITE,"1",
868,"6201",ARTS GRAPHIQUES,"1",
869,"6210",TECHNICIEN/TECHNICIENNE EN INFOGRAPHIE,"1",
870,"6211",TECHNICIEN/TECHNICIENNE EN PHOTOGRAPHIE,"1",
871,"6216",TECHNICIEN/TECHNICIENNE EN MULTIMEDIA,"1",
872,"6217",TECHNICIEN/TECHNICIENNE EN IMAGE DE SYNTHESE,"1",
873,"6218",COMPLEMENT EN TECHNIQUES D'INFOGRAPHIE,"0",
874,"6219",COMPLEMENT EN TECHNIQUES PUBLICITAIRES,"0",
875,"6220",COMPLEMENT EN TECHNIQUES SPECIALISEES DE DECORATION,"0",
876,"6303",AUDIOVISUEL,"1",
877,"6313",COMPLEMENT EN ARTS VISUELS APPLIQUES A LA PHOTOGRAPHIE,"0",
878,"6405",GRAVURE-BIJOUTERIE,"1",
879,"6406",BIJOUTIER-JOAILLIER/BIJOUTIERE-JOAILLIERE,"1",
880,"6407",GRAVEUR-CISELEUR/GRAVEUSE-CISELEUSE,"1",
881,"6408",COMPLEMENT EN JOAILLERIE-SERTISSURE,"0",
882,"6409",COMPLEMENT EN TECHNIQUES SPECIALISEES DE GRAVURE-CISELURE,"0",
883,"6410",COMPLEMENT EN TECHNIQUES SPECIALISEES DE BIJOUTERIE-HORLOGERIE,"0",
884,"7001",AUXILIAIRE DE MAGASIN,"1",
885,"7004",EQUIPIER/EQUIPIERE LOGISTIQUE,"1",
886,"7005",ASSISTANT/ASSISTANTE DE RECEPTION TELEPHONISTE,"1",
887,"7008",ENCODEUR/ENCODEUSE DE DONNEES,"1",
888,"7110",GESTION,"1",
889,"7118",VENTE,"1",
890,"7123",TECHNICIEN COMMERCIAL/TECHNICIENNE COMMERCIALE,"1",
891,"7124",TECHNICIEN/TECHNICIENNE EN COMPTABILITE,"1",
892,"7125",VENDEUR/VENDEUSE,"1",
893,"7127",SCIENCES ECONOMIQUES APPLIQUEES,"1",
894,"7130",GESTIONNAIRE DE TRES PETITES ENTREPRISES,"1",
895,"7131",COMPLEMENT EN TECHNIQUES DE VENTE,"0",
896,"7209",TRAVAUX DE BUREAU,"1",
897,"7212",TECHNICIEN/TECHNICIENNE DE BUREAU,"1",
898,"7213",COMPLEMENT EN TECHNIQUES SPECIALISEES DU TERTIAIRE,"0",
899,"7404",AGENT/AGENTE  EN ACCUEIL ET TOURISME,"1",
900,"7405",AUXILIAIRE ADMINISTRATIF ET D'ACCUEIL/AUXILIAIRE ADMINISTRATIVE ET D'ACCUEIL,"1",
901,"7406",SECRETARIAT-TOURISME,"1",
902,"7407",COMPLEMENT EN TECHNIQUES SPECIALISEES DE TOURISME,"0",
903,"7408",COMPLEMENT EN ACCUEIL,"0",
904,"8002",AIDE MENAGER/AIDE MENAGERE,"1",
905,"8007",SURVEILLANT EQUIPIER/SURVEILLANTE EQUIPIERE EN LOGISTIQUE SPORTIVE,"1",
906,"8008",TECHNICIEN DE SURFACE-NETTOYEUR/TECHNICIENNE DE SURFACE-NETTOYEUSE,"1",
907,"8010",AIDE LOGISTIQUE EN COLLECTIVITES,"1",
908,"8107",SCIENCES SOCIALES ET EDUCATIVES,"1",
909,"8108",SERVICES SOCIAUX,"1",
910,"8109",TECHNIQUES SOCIALES,"1",
911,"8110",AUXILIAIRE FAMILIAL/AUXILIAIRE FAMILIALE ET SANITAIRE,"1",
912,"8113",AGENT/AGENTE D'EDUCATION,"1",
913,"8120",TECHNIQUES SOCIALES ET D'ANIMATION,"1",
914,"8121",COMPLEMENT EN ANIMATION SOCIO-CULTURELLE ET EDUCATIVE,"0",
915,"8122",COMPLEMENT EN MONITORAT POUR COLLECTIVITES D'ENFANTS,"0",
916,"8123",AIDE FAMILIAL/AIDE FAMILIALE,"1",
917,"8203",ASPIRANT/ASPIRANTE EN NURSING,"0",
918,"8204",EDUCATION SANITAIRE,"1",
919,"8207",PUERICULTURE,"0",
920,"8208",SCIENCES PARAMEDICALES,"1",
921,"8212",AGENT MEDICO-SOCIAL/AGENTE MEDICO-SOCIALE,"1",
922,"8213",PUERICULTEUR/PUERICULTRICE,"1",
923,"8214",COMPLEMENT EN EDUCATION SANITAIRE,"0",
924,"8215",COMPLEMENT EN GERIATRIE,"0",
925,"8216",AIDE-SOIGNANT/AIDE-SOIGNANTE,"1",
926,"8301",GESTIONNAIRE D'UN INSTITUT DE BEAUTE,"1",
927,"8303",BIOESTHETIQUE,"1",
928,"8304",COIFFURE,"1",
929,"8308",SOINS DE BEAUTE,"0",
930,"8314",COIFFEUR/COIFFEUSE,"1",
931,"8315",ESTHETICIEN/ESTHETICIENNE,"1",
932,"8316",PATRON COIFFEUR/PATRONNE COIFFEUSE,"1",
933,"8322",COMPLEMENT D'ESTHETIQUE : ORIENTATION ARTISTIQUE,"1",
934,"8323",ESTHETICIEN SOCIAL/ESTHETICIENNE SOCIALE,"0",
935,"8324",COMPLEMENT EN VENTE EN PARFUMERIE,"0",
936,"8325",COMPLEMENT EN PEDICURIE-MANUCURIE,"0",
937,"8401",EDUCATION PHYSIQUE,"1",
938,"8404",SPORT-ETUDES,"1",
939,"8405",ANIMATEUR/ANIMATRICE,"1",
940,"8407",ANIMATEUR SOCIO-SPORTIF/ANIMATRICE SOCIO-SPORTIVE,"1",
941,"8499",HUMANITES SPORTIVES DE HAUT NIVEAU,"1",
942,"8601",INFIRMIER HOSPITALIER/INFIRMIERE HOSPITALIERE ORIENTATION SANTE MENTALE ET  PSYCHIATRIE,"1",
943,"8602",INFIRMIER HOSPITALIER/INFIRMIERE HOSPITALIERE,"1",
944,"9101",COMPLEMENT EN TECHNIQUES SPECIALISEES DE PRODUCTION DES ENTREPRISES AGROALIMENTAIRES,"0",
945,"9102",BIOTECHNIQUE,"1",
946,"9106",SCIENCE INFORMATIQUE,"1",
947,"9107",SCIENCES APPLIQUEES,"1",
948,"9109",TECHNIQUES SCIENCES,"1",
949,"9110",TECHNICIEN/TECHNICIENNE EN BANDAGES - ORTHESES - PROTHESES - CHAUSSURES ORTHOPEDIQUES,"1",
950,"9113",INFORMATIQUE,"1",
951,"9204",PROTHESE DENTAIRE,"0",
952,"9208",OPTIQUE,"1",
953,"9209",OPTICIEN/OPTICIENNE,"1",
954,"9210",PROTHESISTE DENTAIRE,"1",
955,"9307",CHIMIE INDUSTRIELLE,"1",
956,"9308",ASSISTANT/ASSISTANTE PHARMACEUTICO-TECHNIQUE,"1",
957,"9309",TECHNICIEN/TECHNICIENNE CHIMISTE,"1",
958,"9310",TECHNICIEN/TECHNICIENNE DES INDUSTRIES AGROALIMENTAIRES,"1",
959,"9312",OPERATEUR/OPERATRICE DE PRODUCTION DES ENTREPRISES AGROALIMENTAIRES,"1",
960,"9313",COMPLEMENT EN OFFICINE HOSPITALIERE,"0",
961,"9314",COMPLEMENT EN MAINTENANCE DES PROCEDES DE FABRICATION,"0",
962,"9315",COMPLEMENT EN BIOCHIMIE,"0",
963,"9406",HUMANITES ARTISTIQUES : DANSE,"1",
964,"9407",HUMANITES ARTISTIQUES : MUSIQUE,"1",
965,"9408",HUMANITES ARTISTIQUES : THEATRE ET ARTS DE LA PAROLE,"1",
966,"9409",ARTS PLASTIQUES (ENS. ARTISTIQUE),"1",
967,"9410",ARTS-SCIENCES (ENS. ARTISTIQUE),"1",
968,"9411",DANSE (ENS. ARTISTIQUE),"1",
969,"9997",PREPARATOIRE AUX ETUDES D'INFIRMIERE OU DE NURSING,"1",
970,"9998","7E PROFESSIONNELLE","1",
2317,"2644",DESSINATEUR/DESSINATRICE EN DAO (MECANIQUE-ELECTRICITE),"1",
2318,"8408",ASSISTANT/ASSISTANTE AUX METIERS DE LA PREVENTION ET DE LA SECURITE,"1",
2338,"3424",TECHNICIEN/TECHNICIENNE EN EQUIPEMENTS THERMIQUES,"1",
2340,"1017",ELEVEUR/ELEVEUSE,"1",
2341,"1019",POLYCULTEUR/POLYCULTRICE,"1",
2342,"1012",OUVRIER/OUVRIERE EN CULTURE FLORALES ET ORNEMENTALES,"1",
2343,"1009",OUVRIER/OUVRIERE EN EXPLOITATION HORTICOLE,"1",
2344,"1013",OUVRIER/OUVRIERE EN FRUITICULTURE,"1",
2345,"1005",OUVRIER/OUVRIERE EN PEPINIERES,"1",
2346,"1011",MARECHAL-FERRANT/MARECHALE-FERRANTE,"1",
2347,"3035",OUVRIER/OUVRIERE DE SCIERIE,"1",
2348,"3033",OUVRIER/OUVRIERE TAILLEUR/TAILLEUSE DES PIERRES NATURELLES,"1",
2349,"4010",PREPARATEUR/PREPARATRICE EN BOUCHERIE - VENDEUR/VENDEUSE EN BOUCHERIE-CHARCUTERIE ET PLATS PREPARES A EMPORTER,"1",
2350,"4004",DECOUPEUR - DESOSSEUR/DECOUPEUSE - DESOSSEUSE,"1",
2351,"4011",COMMIS(E) DE CUISINE DE COLLECTIVITE,"1",
2352,"6003",ASSISTANT/ASSISTANTE DE DECORATEUR D'AMEUBLEMENT,"1",
2353,"6004",OUVRIER/OUVRIERE EN SERIGRAPHIE,"1",
2359,"2010",FERRONNIER/FERRONNIERE,"1",
2360,"2006",AIDE-MECANICIEN CYCLES ET PETITS MOTEURS/AIDE-MECANICIENNE CYCLES ET PETITS MOTEURS,"1",
2361,"2013",MATELOT/MATELOTE,"1",
2362,"2016",PREPARATEUR/PREPARATRICE DE TRAVAUX DE PEINTURE EN CARROSSERIE,"1",
2363,"5003",CORDONNIER/CORDONNIERE,"1",
2364,"5002",NETTOYEUR/NETTOYEUSE D'ETOFFE,"1",
2365,"5015",TISSERAND/TISSERANDE,"1",
2366,"5009",OURDISSEUR/OURDISSEUSE,"1",
2367,"5010",OUVRIER MAROQUINIER/OUVRIERE MAROQUINIERE,"1",
2368,"5017",RENTREUR-NOUEUR/RENTREUSE-NOUEUSE,"1",
2369,"5018",VISITEUR/VISITEUSE D'ETOFFE,"1",
2370,"5020",OUVRIER RETOUCHEUR/OUVRIERE RETOUCHEUSE,"1",
2371,"5021",PIQUEUR POLYVALENT/PIQUEUSE POLYVALENTE,"1",
2372,"5013",REPASSEUR FINISSEUR/REPASSEUSE FINISSEUSE,"1",
2373,"5016",OPERATEUR/OPERATRICE EN PRODUCTION DE CONFECTION,"1",
2374,"8006",OUVRIER/OUVRIERE EN BLANCHISSERIE-NETOYAGE A SEC,"1",
2375,"9002",ASSISTANT OPERATEUR/ASSISTANTE OPERATRICE DES INDUSTRIES AGROALIMENTAIRES,"1",
2381,"2642",COMPLEMENT EN SOUDAGE AERONAUTIQUE,"1",
2391,"3229",COUVREUR-ETANCHEUR/COUVREUSE-ETANCHEUSE,"1",
2553,"2022",TECHNICIEN CONDUCTEUR/TECHNICIENNE CONDUCTRICE DE LIGNE DE PRODUCTION ALIMENTAIRE,"0",
2571,"1020",AUXILIAIRE FLEURISTE,"0",
2572,"2019",OUVRIER/OUVRIERE EN PEINTURE INDUSTRIELLE,"0",
2573,"2017",OPERATEUR/OPERATRICE DE PRODUCTION SUR PROCESSUS CONTINU AVEC DEFILEMENT,"0",
2574,"2020",OPERATEUR/OPERATRICE DE PRODUCTION EN INDUSTRIE,"0",
2575,"5055",MAROQUINIER/MAROQUINIERE,"0",
2576,"5005",MAROQUINIER/MAROQUINIERE,"0",
2577,"2007",AIDE MECANICIEN GARAGE,"0",
2652,"9610",MODULE DE FORMATION INDIVIDUALISE,"0",
3346,"2023",REGLEUR/REGLEUSE,"0",
3347,"3135",MENUISIER/MENUISIERE D'INTERIEUR ET D'EXTERIEUR,"1",
3348,"3136",CHARPENTIER,"1",
3349,"3137",CONSTRUCTEUR/TRICE-MONTEUR/SE DE BATIMENT EN STRUCTURE BOIS,"1",
3350,"3520",PEINTRE DECORATEUR/PEINTRE DECORATRICE,"1",
3351,"3521",CARRELEUR CHAPISTE/CARRELEUSE CHAPISTE,"1",
3352,"3522",PLAFONNEUR CIMENTIER/PLAFONNEUSE CIMENTIERE,"1",
3353,"4129",METIERS DE SALLE ET DE CUISINE : SERVEUR ; PREMIER CHEF DE RANG ; CUISINIER TRAVAILLANT SEUL,"1",
3354,"4130",BARMAN/BARMAID,"1",
3355,"8326",COIFFEUR MANAGER,"1",
3356,"8011",MAQUILLAGE ET SOINS DES MAINS,"1",
3381,"9412",ARTS CIRCASSIENS,"0",
3731,"6314",ARTS DU CIRQUE,"0",
3743,"3229(7)",COUVREUR-ETANCHEUR/COUVREUSE-ETANCHEUSE (7),"1",
5428,"1023",JARDINIER/JARDINIERE D'ENTRETIEN,"1",
5429,"1024",JARDINIER/JARDINIERE D'AMENAGEMENT,"1",
5430,"2024",OPERATEUR/OPERATRICE DE PRODUCTION EN INDUSTRIE ALIMENTAIRE (OPIA),"1",
5431,"3037",CARRELEUR/CARRELEUSE,"1",
5432,"4012",GARCON/SERVEUSE DE RESTAURANT,"1",
5433,"4013",AGENT/AGENTE DE FABRICATION DU SECTEUR ALIMENTAIRE (AFA),"1",
8742,"3311",MACON/MACONNE,"1",
8831,"3230",COUVREUR-ETANCHEUR/COUVREUSE-ETANCHEUSE,"1",
8866,"1118",AGENT AGRICOLE POLYVALENT/AGENTE AGRICOLE POLYVALENTE,"1",
8867,"2115",INSTALLATEUR ELECTRICIEN/INSTALLATRICE ELECTRICIENNE,"1",
8868,"2333",TECHNICIEN/TECHNICIENNE EN SYSTEMES D'USINAGE,"1",
8869,"2528",MECANICIEN POLYVALENT AUTOMOBILE/MECANICIENNE POLYVALENTE AUTOMOBILE,"1",
8870,"2334",MECANICIEN/MECANICIENNE D'ENTRETIEN AUTOMOBILE,"1",
8871,"3429",MONTEUR/MONTEUSE EN CHAUFFAGE ET SANITAIRE,"1",
8872,"4131",RESTAURATEUR/RESTAURATRICE,"1",
8873,"8327",ESTHETICIEN/ESTHETICIENNE,"1",
8874,"8328",COIFFEUR/COIFFEUSE,"1",
9232,"9303",CHIMIE,"0",
9521,"9405",HUMANITES ARTISTIQUES : TRANSDISCIPLINAIRE,"1",
9561,"1025",TRANSFORMATEUR/TRANSFORMATRICE DE PRODUITS LAITIERS,"1",
9562,"2025",OPERATEUR/OPERATRICE EN MAINTENANCE DE DRONES,"1",
9563,"4014",GOUVERNANT/GOUVERNANTE D'ETAGE,"1",
9621,"4313",ARTISAN BOULANGER-PATISSIER/ARTISANE BOULANGERE-PATISSIERE,"1",
9622,"4208",ARTISAN BOUCHER-CHARCUTIER/ARTISANE BOUCHERE-CHARCUTIERE,"1",
9624,"2901",GESTIONNAIRE EN LOGISTIQUE ET TRANSPORT,"1",
9671,"3039",AUXILIAIRE DU BATIMENT,"1",
9705,"3038",CHAPISTE,"1",
9890,"2902",CONDUCTEUR/CONDUCTRICE POIDS LOURDS,"1",
10181,"8012",SOINS DU CORPS/BEAUTE DES PIEDS ET DES MAINS,"1",
10441,"2026",MONTEUR ELECTRICIEN/MONTEUSE ELECTRICIENNE,"1",
32730,"4015",POISSONNIER,"1",
32731,"1026",ESTHETIQUE CANINE,"1",
32732,"2027",OPERATEUR DE DRONES,"1",
32733,"2028",ASPIRANT CONDUCTEUR DE TRAIN,"1",
32734,"2029",REPARATEUR DE MULTIMEDIA,"1",
33354,"3040",OUVRIER POLYVALENT EN PARACHEVEMENT DU BATIMENT,"1",
33550,"7010",MAGASINIER / MAGASINIERE,"1",
33750,"3041",AGENT POLYVALENT DE MAINTENANCE DU BATIMENT,"1",
33938,"2030",AIDE TECHNICIEN/TECHNICIENNE GAZIER/GAZIERE,"1",
43100,"7011",VALORISTE GENERALISTE,"1",
43120,"2417",OPERATEUR RECETTES EN INDUSTRIE ALIMENTAIRE / OPERATRICE RECETTES EN INDUSTRIE ALIMENTAIRE,"1",
43121,"2418",CONDUCTEUR / CONDUCTRICE DE LIGNE DE PRODUCTION EN INDUSTRIE ALIMENTAIRE,"1",
43122,"4314",OUVRIER BOULANGER-PATISSIER / OUVRIERE BOULANGERE-PATISSIERE,"1",
43123,"7409",RECEPTIONNISTE EN HOTELLERIE,"1",
43124,"4132",GOUVERNEUR D'ETAGE / GOUVERNANTE D'ETAGE,"1",
43125,"8409",ANIMATEUR / ANIMATRICE DE GROUPES,"1",
43248,"8410","ASPIRANT/ASPIRANTE AUX METIERS DE LA DEFENSE, DE LA PREVENTION ET DE LA SECURITE","1",
