"CERTI_OBJ_ID","CERTI_CODE","CERTI_NOM","CERTI_CMIN","CERTI_CMAX","CERTI_PMIN","CERTI_PMAX","CERTI_HMIN","CERTI_HMAX"
8241,"1",Stroke Unit neuro,"10",,,,,
8242,"2",Soins palliatifs,"15",,,,,
8243,"3",Soins interdisciplinaires en pathologies cardiovasculaires,"10",,,,,
8244,"4",Soins infirmiers périopératoires,"15",,,,,
8245,"5",Santé mentale et psychiatrie,"15",,,,,
8246,"6",Recherche et gestion dans le cadre de la formation en stomathérapie et soins de plaies,"15",,,,,
8247,"7",Préparation aux examens de l'Institut Professionnel des Comptables et Fiscalistes agréés,"10",,,,,
8248,"8",Neurosciences et mindfullness au service des soignants,"10",,,,,
8249,"9",MBA Solvay Ponts PT ,"60",,,,,
8250,"10",MBA Solvay Ponts FT,"60",,,,,
8251,"11",L'intervention systémique dans l'abord familial et institutionnel,"12",,,,,
8252,"12",Interuniversity certificate in Human Genetics,"10",,,,,
8253,"13",Interuniversity Certificate in Competition Law ,"32",,,,,
8254,"14",Interuniversity certificate in Algology,"40",,,,,
8255,"15",Interuniversity certificate - basic musculoskeletal ultrasound course for the rheumatologist,"10",,,,,
8256,"16",Infirmier éducateur en diabétologie,"15",,,,,
8257,"17",Executive Master Pratiques de l'exposition (CARE),"60",,,,,
8258,"18",Executive Master Knitting  design/maille,"60",,,,,
8259,"19","Executive Master in Marketing, in a Digital World","30",,,,,
8260,"20",Executive Master in Management,"30",,,,,
8261,"21",Executive Master in Finance,"30",,,,,
8262,"22",Executive Master Imobilier,"60",,,,,
8263,"23",Executive Master Gestion de projet d'architecture d'intérieur (GPAI),"60",,,,,
8264,"24",Executive Master Food design,"60",,,,,
8265,"25",Certificat en production musicale et management d'artistes,"60",,,,,
8266,"26",Certificat en production de spectacles vivants,"30",,,,,
8267,"27",Certificat en production audiovisuelle,"60",,,,,
8268,"28",Executive master en management d'événements,"60",,,,,
8269,"29",Executive Master en Gestion Fiscale,"30",,,,,
8270,"30",Executive master en communication et politiques européennes,"60",,,,,
8271,"31",Didactique visuelle et stratégie pédagogique,"10",,,,,
8272,"32",Didac sciences,"10",,,,,
8273,"33",Certificat interuniversitaire en éthique des soins de santé,"10",,,,,
8274,"34",Certificat interuniversitaire (UCL/Umons) : Innovation et développement de projets transmédia ,"15",,,,,
8275,"35",Certificat d'Executive Master en Patrimoine architectural,"40",,,,,
8276,"36",Certificate of university - Executive Master in sustainable management of high biodiversity environments,"60",,,,,
8277,"37",Certificate of university - Executive Master in Inland Navigation Technics and Management,"60",,,,,
8278,"38",Certificate of Executive Master in Public Management,"50",,,,,
8279,"39",Certificate of Executive Master in Marketing and advertising,"50",,,,,
8280,"40",Certificate of Executive Master in Management of Banking and finance,"30",,,,,
8281,"41",Certificate of Executive Master in International Business Law,"60",,,,,
8282,"42",Certificate of Executive Master in European Studies (MEUS),"60",,,,,
8283,"43",Certificate of Advanced Master in Political Economy ,"60",,,,,
8284,"44",Certificate in Translational Medecine,"10",,,,,
8285,"45",Certificate in sustainable automotive engineering,"60",,,,,
8286,"46",Certificat d'université de formation en expertise judiciaire comptable ,"10",,,,,
8287,"47",Certificat d'université en éthique économique et sociale,"30",,,,,
8288,"48",Certificat relatif à l'approche psychocorporelle en thérapie psychomotrice,"0",,,,,
8289,"49",Certificat post-universitaire en médecine familiale - médecine générale,"180",,,,,
8290,"50",Certificat of university - Executive Master in industrial Management,"62",,,,,
8291,"51",Certificat interunviersitaire en gestion des situations d'exception,"10",,,,,
8292,"52",Certificat interuniverstiaire en analyse juridique et économique de l'intégration européenne,"19",,,,,
8293,"53",Certificat interuniverstiaire en analyse historique et culturelle de l'intégration européenne,"21",,,,,
8294,"54",Certificat interuniversitaire Online Executive Master in Management ,"60",,,,,
8295,"55",Certificat interuniversitaire Islam et Musulmans d'Europe : perspectives historiques et défis contemporrains ,"10",,,,,
8296,"56","Certificat interuniversitaire européen en Travail, développement et innovation sociale","15",,,,,
8297,"57",Certificat interuniversitaire européen en pathologie chirurgicale de la main et des nerfs périphériques,"180",,,,,
8298,"58",Certificat interuniversitaire et haute école en management innovant des organisations et réseaux de soins,"15",,,,,
8299,"59",Certificat interuniversitaire en Victimologie et psychoraumatologie,"10",,,,,
8300,"60",Certificat interuniversitaire en urbanisme et développement durable,"10",,,,,
8301,"61",Certificat interuniversitaire en tabacologie,"15",,,,,
8302,"62",Certificat interuniversitaire en simulation santé,"15",,,,,
8303,"63",Certificat interuniversitaire en Psycho-oncologie,"54",,,,,
8304,"64",Certificat interuniversitaire en pratique et management de la créativité,"10",,,,,
8305,"65",Certificat interuniversitaire en performance énergétique et environnementale des constructions,"10",,,,,
8306,"66",Certificat interuniversitaire en Nutrition clinique,"14",,,,,
8307,"67","Certificat interuniversitaire en migrations, diversité ethnique et relations interculturelles","10",,,,,
8308,"68","Certificat interuniversitaire en médiation : spécialisation en médiation locale, scolaire, pénale et en soins de santé","10",,,,,
8309,"69","Certificat interuniversitaire en médiation : spécialisation en médiation civile, commerciale et sociale","13",,,,,
8310,"70",Certificat interuniversitaire en médiation : Formation générale,"13",,,,,
8311,"71",Certificat interuniversitaire en médecine transfusionnelle et thérapies cellulaires avancées,"60",,,,,
8312,"72",Certificat interuniversitaire en médecine du sommeil,"25",,,,,
8313,"73",Certificat interuniversitaire en Management médical (CIMM),"10",,,,,
8314,"74",Certificat interuniversitaire en management du tourisme et des loisirs,"20",,,,,
8315,"75",Certificat interuniversitaire en management de l'information numérique (DOCSAFE),"20",,,,,
8316,"76",Certificat interuniversitaire en Management associatif,"30",,,,,
8318,"78",Certificat interuniversitaire en intervention auprès des personnes en situation de Double Diagnostic (déficience intellectuelle et problèmes de santé mentale),"15",,,,,
8319,"79",Certificat interuniversitaire en infectiologie et microbiologie clinique ,"18",,,,,
8320,"80",Certificat interuniversitaire en infectiologie et microbiologie clinique,"16",,,,,
8321,"81","Certificat interuniversitaire en Immersion, Emil et Education plurilingue ","30",,,,,
8322,"82",Certificat interuniversitaire en Hygiène hospitalière,"20",,,,,
8323,"83",Certificat interuniversitaire en gestion statistique de la qualité des procédés,"10",,,,,
8324,"84",Certificat interuniversitaire en gestion de crise et planification d'urgence,"10",,,,,
8325,"85",Certificat interuniversitaire en génétique humaine ,"20",,,,,
8326,"86",Certificat interuniversité et haute école : Executive Master Immobilier,"60",,,,,
8327,"87",Certificat interuniversitaire en évaluation des politiques publiques,"20",,,,,
8328,"88",Certificat interuniversitaire en épileptologie clinique ,"10",,,,,
8329,"89",Certificat interuniversitaire en éducation thérapeutique insuffisant cardiaque ,"12",,,,,
8330,"90",Certificat interuniversitaire en économie de la santé,"10",,,,,
8331,"91",Certificat interuniversitaire en échographie obstétricale et gynécologique,"23",,,,,
8332,"92","Certificat interuniversitaire en collecte, transmission et valorisation du Patrimoine immatériel","18",,,,,
8333,"93",Certificat interuniversitaire en cliniques psychothérapeutiques - orientation systémique,"120",,,,,
8334,"94",Certificat interuniversitaire en cliniques psychothérapeutiques - orientation psychanalytique,"120",,,,,
8335,"95",Certificat interuniversitaire en cliniques psychothérapeutiques - orientation infanto-juvénile,"120",,,,,
8336,"96",Certificat interuniversitaire en cliniques psychothérapeutiques - orientation cognitivo-comportementale,"120",,,,,
8337,"97",Certificat interuniversitaire en auscultation des ouvrages en béton ,"10",,,,,
8338,"98",Certificat interuniversitaire en aproche pratique et pluridisciplinaire de la physiologie et des pathologies de l'éveil et du sommeil,"10",,,,,
8339,"99",Certificat interuniversitaire en apiculture ,"20",,,,,
8340,"100",Certificat interuniversitaire en Alcoologie,"10",,,,,
8341,"101",Certificat interuniversitaire en Agroécologie et transition vers des systèmes alimentaires durables,"14",,,,,
8342,"102",Certificat interuniversitaire en affaires règlementaires santé ,"52",,,,,
8343,"103",Certificat interuniversitaire en Activités Physiques et prévention santé (APPS),"20",,,,,
8344,"104",Certificat interuniversitaire d'Echographie appliquée à l'urgence,"25",,,,,
8345,"105",Certificat interuniversitaire de Management de la qualité dans les établissements de soins,"11",,,,,
8346,"106",Certificat interuniversitaire : Analyse sociale et développement d'alternatives en contexte socio-professionnel,"10",,,,,
8347,"107",Certificat interuniversitaire : Gestion des politiques de sécurité urbaine,"12",,,,,
8348,"108",Certificat interuniversitaire : Médecine du sport,"30",,,,,
8349,"109",Certificat interuniversitaire : Kinésithérapie du sport ,"30",,,,,
8350,"110",Certificat interuniversitaire : Finances publiques,"20","22",,,,
8351,"111",Certificat interuniversitaire : Analyse prospective,"12",,,,,
8352,"112",Certificat interuniversitaire : Approche interdisciplinaire des droits de l'enfant,"10",,,,,
8353,"113",Certificat interuniversitaire : Plaies et cicatrisation,"15",,,,,
8354,"114",Certificat interuniversitaire : Nutrition clinique,"14",,,,,
8355,"115",Certificat interuniversitaire : Humanitarian surgery in austere environments,"10",,,,,
8356,"116",Certificat interuniversitaire : Evaluation des politiques publiques,"20",,,,,
8357,"117",Certificat interuniversitaire : Echographie obstétricale et gynécologique,"23",,,,,
8358,"118",Certificat interuniversitaire : Agroécologie et transition vers des systèmes alimentaires,"10",,,,,
8359,"119",Certificat interuniversitaire : Executive Masters in Sport Organisations Management,"60",,,,,
8360,"120",Certificat interuniversitaire : Réadaptation dans les pays du Sud ,"16",,,,,
8361,"121","Certificat interuniversitaire : Pensée stratégique, management stratégique dans les services de santé","10",,,,,
8362,"122",Certificat interuniversitaire : Management des organisations sportives,"30",,,,,
8363,"123",Certificat interuniversitaire : Accompagnement et soins palliatifs,"15",,,,,
8364,"124",Certificat interuniversitaire : Médiation familiale - spécialisation,"11",,,,,
8365,"125",Certificat interuniversitaire : Sciences religieuses et sociales : Islam dans le monde contemporain,"10","15",,,,
8366,"126",Certificat interuniversitaire : Expertise judiciaire : formation de base,"10",,,,,
8367,"127",Certificat interuniversitaire : Didactique de l'espagnol,"20",,,,,
8368,"128",Certificat interuniversitaire : Génétique humaine,"10",,,,,
8369,"129",Certificat interuniversitaire : Algologie,"40",,,,,
8370,"130",Certificat interdisciplinaire en Trisomie 21 ( t21) ou troubles du développement apparentés : une approche intégrée de la personne,"22",,,,,
8371,"131",Certificat interdisciplinaire : Radicalisation violente et travail social,"10",,,,,
8372,"132",Certificat formation à la création d'entreprises,"0",,,,,
8373,"133",Certificat en santé mentale de l'enfant et de l'adolescent,"10",,,,,
8374,"134",Certificat en régie et logistique de spectacles ,"30",,,,,
8375,"135",Certificat en journalisme d'investigation,"15",,,,,
8376,"136",Certificat en haute école en programmation dédiée aux terminaux mobiles,"60",,,,,
8377,"137",Certificat en haute école en formation en e-marketing,"10",,,,,
8378,"138",Certificat en dramaturgie circassienne,"12",,,,,
8379,"139",Certificat en didactique visuelle et stratégie pédagogique,"10",,,,,
8380,"140",Certificat en didactique du français langue étrangère/seconde et en pédagogie interculturelle,"20",,,,,
8382,"142",Certificat en communication web,"15",,,,,
8383,"143",Certificat en communication et marketing du Luxe,"15",,,,,
8384,"144",Certificat en communication environnementale,"15",,,,,
8385,"145",Certificat en animation radio,"30",,,,,
8386,"146",Certificat en analyse systémique de la communication et intelligence collective,"15",,,,,
8387,"147",Certificat en formation à la création d'entreprises,"10",,,,,
8388,"148",Certificat Education relative à l'environnement et au développement durable,"10",,,,,
8389,"149",Certificat d'unviersité en Radiophysique médicale,"60",,,,,
8390,"150",Certificat d'université en Oncologie ambulatoire,"15",,,,,
8391,"151",Certificat d'université: compétence en réhabilitation bucco-dentaire,"180",,,,,
8392,"152",Certificat d'université: compétence en pédodontie,"120",,,,,
8393,"153",Certificat d'université: compétence en néonatologie,"120",,,,,
8394,"154",Certificat d'université: compétence en médecine d'assurance et expertise médicale ,"180",,,,,
8395,"155",Certificat d'université: compétence en endodontie générale,"65",,,,,
8396,"156",Certificat d'université: compétence en « Applications des Lasers en médecine dentaire »,"120",,,,,
8397,"157",Certificat d'université rayons X-diagnostic,"10",,,,,
8398,"158",Certificat d'université pour le prélèvement de sang par les biologistes cliniciens,"10",,,,,
8399,"159",Certificat d'université pour l'utilisation des radioisotopes in vitro,"60",,,,,
8400,"160",Certificat d'université en traitements cognitivo-comportementaux de l'insomnie (TCCI),"12",,,,,
8401,"161",Certificat duniversité en techno-pédagogie : TICEF (Technologie de lInformation et de la Communication pour lEnseignement et la Formation),"20",,,,,
8402,"162",Certificat d'université en Thérapie manuelle,"60",,,,,
8403,"163",Certificat d'université en Théorie du droit,"30",,,,,
8404,"164",Certificat d'université en Soins intensifs,"60",,,,,
8405,"165",Certificat d'université en sexologie clinique,"60",,,,,
8406,"166",Certificat d'université en Sciences Psychologiques,"30",,,,,
8407,"167",Certificat d'université en sciences des Animaux de Laboratoire -Catégorie C (Maître d'Expérience) ,"10",,,,,
8408,"168",Certificat d'université en Sciences des Animaux de Laboratoire,"10",,,,,
8409,"169",Certificat d'université en radioprotection physique et biologique,"0",,,,,
8410,"170","Certificat d'université en Radiophysique médicale - stage clinique de 3ème agrément (médecine nucléaire, radiologie ou radiothérapie)","30","60",,,,
8411,"171","Certificat d'université en Radiophysique médicale - stage clinique de 2ème agrément (médecine nucléaire, radiologie ou radiothérapie)","30","60",,,,
8412,"172","Certificat d'université en Radiophysique médicale - stage clinique de 1er agrément (médecine nucléaire, radiologie ou radiothérapie)","45","60",,,,
8413,"173",Certificat d'université en Radiophysique médicale,"60",,,,,
8414,"174",Certificat d'université en radiopharmacie (formation courte ou longue),"44","104",,,,
8415,"175",Certificat d'université en psychologie clinique à orientation psychopathologie,"47",,,,,
8416,"176",Certificat d'université en psychologie clinique à orientation neuropsychologie,"47",,,,,
8417,"177",Certificat d'université en protection des données à caractère personnel (DATASAFE),"20",,,,,
8418,"178",Certificat d'université en Prospective,"13",,,,,
8419,"179",Certificat d'université en pratiques philosophiques,"12",,,,,
8420,"180",Certificat d'université en politiques économiques et sociales,"10",,,,,
8421,"181",Certificat d'université en physique subnucléaire,"15",,,,,
8422,"182",Certificat d'université en physique nucléaire,"14",,,,,
8423,"183",Certificat d'université en philosophie,"21",,,,,
8424,"184",Certificat d'université en perfusion et techniques appliquées,"60",,,,,
8425,"185",Certificat d'université en Pédagogie de l'Enseignement supérieur universitaire,"23",,,,,
8426,"186",Certificat d'université en Pathologie infectieuse,"45",,,,,
8427,"187",Certificat d'université en Pathologie en milieu sportif,"30",,,,,
8428,"188",Certificat d'université en Oncologie thoracique,"45",,,,,
8429,"189",Certificat d'université en Oncologie ambulatoire,"15",,,,,
8430,"190",Certificat d'université en Neurologie pédiatrique ,"35",,,,,
8431,"191",Certificat d'université en Néphrologie,"60",,,,,
8432,"192",Certificat d'université en médiation civile et commerciale,"10",,,,,
8433,"193",Certificat d'université en Médiation animale et relations à la nature,"14",,,,,
8434,"194",Certificat d'université en Médecine scolaire,"15",,,,,
8435,"195",Certificat d'université en Médecine d'urgence,"45",,,,,
8436,"196",Certificat d'université en Mathématiques Computationnelles,"15",,,,,
8437,"197",Certificat d'université en Matériaux Avancés,"18",,,,,
8438,"198","Certificat d'université en Management, Qualité, Sécurité, Environnement (QSE)","30",,,,,
8439,"199",Certificat d'université en Management des entreprises sociales,"18",,,,,
8440,"200",Certificat d'université en management de la sécurité des systèmes d'information (INFOSAFE),"20",,,,,
8441,"201",Certificat d'université en management de la sécurité des aliments,"15",,,,,
8442,"202",Certificat d'université en Kinésithérapie pédiatrique,"16",,,,,
8443,"203",Certificat d'université en introduction aux systèmes logiciels,"15",,,,,
8444,"204",Certificat d'université en intervention auprès des enfants et des adolescents à hauts potentiels en difficulté ,"14",,,,,
8445,"205",Certificat d'université en internat vétérinaire approfondi ,"60",,,,,
8446,"206",Certificat d'université en Initiation de la recherche sur les systèmes de santé (RSS),"20",,,,,
8447,"207",Certificat d'université en Implantologie,"10",,,,,
8448,"208",Certificat d'université en Immuno-allergologie clinique,"25",,,,,
8449,"209",Certificat d'université en Hématologie clinique,"10",,,,,
8450,"210",Certificat d'université en gouvernance d'entreprise,"11",,,,,
8451,"211",Certificat d'université en gestion des voies respiratoires de l'enfant,"10",,,,,
8452,"212",Certificat d'université en gestion des sols pollués,"22",,,,,
8453,"213",Certificat d'université en gestion de la formation et du changement dans les organisations,"23",,,,,
8454,"214",Certificat duniversité en techno-pédagogie : Gestion de linnovation,"13",,,,,
8455,"215",Certificat d'université en Gestion de Cycle du Projet et approche de Gestion Axée Résultats,"11",,,,,
8456,"216",Certificat d'université en gestion animalière,"11",,,,,
8457,"217",Certificat d'université en gestion administrative et formelle de la propriété intellectuelle,"10",,,,,
8458,"218",Certificat duniversité en Formation universitaire de formateurs dadultes,"10",,,,,
8459,"219",Certificat d'université en fondements de la Qualité,"13",,,,,
8460,"220",Certificat d'université en fiscalité des personnes,"15",,,,,
8461,"221",Certificat d'université en fiscalité des entreprises,"18",,,,,
8462,"222",Certificat d'université en expertise judiciaire en matière d'environnement ,"10",,,,,
8463,"223",Certificat d'université en expertise comptable approfondie,"20",,,,,
8464,"224",Certificat d'université en expertise comptable,"20",,,,,
8465,"225",Certificat d'université en évaluation des risques agro-alimentaires et environnementaux ,"15",,,,,
8466,"226",Certificat d'université en épidémiologie clinique et en économie de la santé,"60",,,,,
8467,"227",Certificat d'université en Endodontie,"60",,,,,
8468,"228",Certificat d'université en Endocrinologie de la reproduction (REBIC),"15",,,,,
8469,"229",Certificat d'université en Endocrinologie ,"35",,,,,
8470,"230",Certificat d'université en Economie des systèmes de santé (ECOSYS),"20",,,,,
8473,"233",Certificat d'université en Développement et Coopération internationale,"12",,,,,
8474,"234",Certificat d'université en Développement Durable et conception architecturale ,"30",,,,,
8475,"235","Certificat d'université en développement de compétences  : se réaliser au travail, faire émerger ses forces","10",,,,,
8476,"236",Certificat d'université en Dentisterie pédiatrique,"60",,,,,
8477,"237",Certificat d'université en dentisterie équine,"15",,,,,
8478,"238",Certificat d'université en criminologie et police,"12",,,,,
8479,"239",Certificat d'université en criminalistique et psychiatrie judiciaire,"16",,,,,
8480,"240",Certificat d'université en Contrôle de la chaine alimentaire,"15",,,,,
8481,"241",Certificat d'université en compétences transversales,"14",,,,,
8482,"242",Certificat d'université en communication interne,"16","36",,,,
8483,"243",Certificat d'université en chirurgie implantaire,"15",,,,,
8484,"244",Certificat d'université en biologie marine,"10",,,,,
8485,"245",Certificat d'université en Bioéthique de la santé,"10",,,,,
8486,"246",Certificat d'université en aspects avancés des systèmes logiciels (HJ),"15",,,,,
8487,"247",Certificat d'université en aspects avancés des systèmes logiciels (HD),"15",,,,,
8488,"248",Certificat d'université en anesthésie locorégionale,"20",,,,,
8489,"249",Certificat d'université en Algologie pédiatrique,"18",,,,,
8490,"250",Certificat d'université en Agriculture Urbaine et Péri-Urbaine ,"12",,,,,
8491,"251",Certificat d'université en accompagnement de l'accrochage scolaire et social,"13",,,,,
8492,"252","Certificat d'université en ""Etude du terrorisme et de la Radicalisation""","28",,,,,
8493,"253",Certificat d'université d'expert en radioprotection ,"10",,,,,
8494,"254",Certificat d'université d'échographie thyroïdienne,"20",,,,,
8495,"255",Certificat d'université de spécialisation en didactique des langues,"15",,,,,
8496,"256",Certificat d'université de préparation du projet doctoral,"15",,,,,
8497,"257",Certificat d'université de mise en oeuvre de formations utilisant efficacement les TIC en milieu associatif (CERTICA) ,"10",,,,,
8498,"258",Certificat d'université de médecine scolaire - Promotion de la santé à l'école,"20",,,,,
8499,"259",Certificat d'université de Formation intensive en FLES,"10",,,,,
8500,"260",Certificat d'université de formation en gestion et organisation de la médecine générale au sein des soins de santé primaires,"15",,,,,
8501,"261",Certificat d'université de formation complémentaire en développement durable,"10",,,,,
8502,"262",Certificat d'université de formation à l'expertise judiciaire en matière de construction,"10",,,,,
8503,"263",Certificat d'université de Conseiller en Substances Dangereuses,"26",,,,,
8504,"264",Certificat d'université de Conseiller en Prévention de niveau 1,"60",,,,,
8505,"265",Certificat d'université d'enseignement spécifique en médecine générale,"60",,,,,
8506,"266",Certificat d'université d'échographie rhumatologique,"20",,,,,
8507,"267",Certificat d'université Agréation radiations ionisantes,"45",,,,,
8508,"268",Certificat d'université à la pleine conscience - Mindfulness,"15",,,,,
8509,"269",Certificat d'université : Théologie pastorale ,"30",,,,,
8510,"270",Certificat d'université : Théologie (fondements),"30",,,,,
8511,"271",Certificat d'université : Statistique et sciences des données,"15","30",,,,
8512,"272",Certificat d'université : Soins pharmaceutiques ,"10",,,,,
8513,"273",Certificat d'université : Sexologie clinique appliquée,"20",,,,,
8514,"274",Certificat d'université : Sciences des religions,"30",,,,,
8515,"275",Certificat d'université : Santé mentale en contexte social : multiculturalité et précarité ,"15",,,,,
8516,"276",Certificat d'université : Relations internationales et analyse des conflits,"20",,,,,
8517,"277",Certificat d'université : Psychologie de la performance sportive ,"16",,,,,
8518,"278",Certificat d'université : Pratiques cliniques et Institution,"10",,,,,
8519,"279",Certificat d'université : Pratique professionnelle des assurances ,"12",,,,,
8520,"280",Certificat d'université : Planification patrimoniale,"13",,,,,
8521,"281",Certificat d'université : Personal training,"11",,,,,
8522,"282",Certificat d'université : Pastorale liturgique et sacramentelle,"15",,,,,
8523,"283",Certificat d'université : Pastorale de la santé ,"15",,,,,
8524,"284",Certificat d'université : Normes IAS / IFRS ,"10",,,,,
8525,"285",Certificat d'université : Neuroréhabilitation fonctionnelle et intensive (Orientation pédiatrique),"10",,,,,
8526,"286",Certificat d'université : Médecine scolaire ,"12",,,,,
8527,"287",Certificat d'université : Médecine maternelle périnatale ,"10",,,,,
8528,"288",Certificat d'université : Mandataires de crise ,"10",,,,,
8529,"289",Certificat d'université : Management humain innovant ,"14",,,,,
8530,"290",Certificat d'université : Management des ressources humaines ,"11",,,,,
8531,"291",Certificat d'université : Management des associations sans but lucratif,"11",,,,,
8532,"292",Certificat d'université : Life coaching,"22",,,,,
8533,"293",Certificat d'université : Leadership collaboratif ,"10",,,,,
8534,"294",Certificat d'université : Kinésithérapie respiratoire,"30",,,,,
8535,"295",Certificat d'université : Kinésithérapie en périnéologie ,"45",,,,,
8536,"296",Certificat d'université : Kinésithérapie en neurologie adulte ,"14",,,,,
8537,"297",Certificat d'université : Junior data analyst (formule intensive),"12",,,,,
8538,"298",Certificat d'université : Islamic finance ,"11",,,,,
8539,"299",Certificat d'université : Interventions psychologiques basées sur la pleine conscience - Enfants/Adolescents/Parents,"11",,,,,
8540,"300",Certificat d'université : Interventions psychologiques basées sur la pleine conscience,"10",,,,,
8541,"301",Certificat d'université : Interprétation de conférence ,"50",,,,,
8542,"302",Certificat d'université : International supply chain management ,"15",,,,,
8543,"303",Certificat d'université : International Executive MBA,"60",,,,,
8544,"304",Certificat d'université : Initiation à l'actuariat,"14","19",,,,
8545,"305",Certificat d'université : Hippothérapie,"12",,,,,
8546,"306",Certificat d'université : Gestion hospitalière,"20",,,,,
8547,"307",Certificat d'université : Gestion et pratique de l'impôt des sociétés ,"10",,,,,
8548,"308","Certificat d'université : Gestion des droits intellectuels : stratégie, contrats et fiscalité de l'innovation ","16",,,,,
8549,"309",Certificat d'université : Gestion de l'innovation,"10",,,,,
8550,"310",Certificat d'université : Géomatique appliquée,"11",,,,,
8551,"311",Certificat d'université : Finance quantitative et ALM,"15",,,,,
8552,"312",Certificat d'université : Expertise médicale et médecine d'assurance ,"24",,,,,
8553,"313",Certificat d'université : Exercise therapy,"14",,,,,
8554,"314",Certificat d'université : Exercise medicine,"11",,,,,
8555,"315",Certificat d'université : Executive Master en internal audit,"30",,,,,
8556,"316",Certificat d'université : Executive Master en business coaching ,"30",,,,,
8557,"317",Certificat d'université : Econométrie,"10","20",,,,
8558,"318",Certificat d'université : Droit et financement des pensions,"12",,,,,
8559,"319",Certificat d'université : Droit des assurances,"15","20",,,,
8560,"320",Certificat d'université - Executive Master in transport and logistics,"60",,,,,
8561,"321",Certificat d'université - Executive Master in sustainable Hydraulic Structures,"60",,,,,
8562,"322",Certificat d'université - Executive Master in Co-Creative Innovation,"60",,,,,
8563,"323",Certificat d'université - Executive Master en productions animales durables ,"60",,,,,
8564,"324",Certificat d'Executive Program in IT Business Agility,"10",,,,,
8565,"325",Certificat d'Executive Master in Risk and Cybersecurity,"30",,,,,
8566,"326",Certificat d'Executive Master in IT Management,"30",,,,,
8567,"327",Certificat d'Executive Master in Finance ,"30",,,,,
8568,"328",Certificat d'Executive Master in Accounting & Audit ,"100",,,,,
8569,"329",Certificat de l'Executive Program in Security Governance,"10",,,,,
8570,"330",Certificat de l'Executive Program in IT Sourcing,"10",,,,,
8571,"331",Certificat de l'Executive Program in IT Management Consulting ,"10",,,,,
8572,"332",Certificat de l'Executive Program in Enterprise and IT Architecture,"10",,,,,
8573,"333",Certificat de l'Executive Program in Cybersecurity,"10",,,,,
8574,"334",Certificat de l'Executive Program in CIO Practices,"10",,,,,
8575,"335",Certificat de l'Executive Program in CIO Leadership,"10",,,,,
8576,"336",Certificat de l'Executive Master in Information Security,"10",,,,,
8577,"337",Certificat de didactique de l'enseignement en immersion,"26",,,,,
8578,"338",Certificat d'université en Société et Laïcité ,"10",,,,,
8579,"339","Certificat d'université en Psychothérapie familiale, conjugale et approches systèmiques","129",,,,,
8580,"340",Certificat d'université en Maîtrise spéciale en Management environnemental,"60",,,,,
8581,"341",Certificat d'Executive Master in Business Administration ,"65",,,,,
8582,"342",Certificat d'université en expertise psycho-légale ,"60",,,,,
8583,"343",Advanced Master in Quantitative Finance,"60",,,,,
8584,"344",Advanced Master in Innovation & Strategic Management,"60",,,,,
8585,"345",Advanced Master in Innovation & Entrepreneurship,"60",,,,,
8586,"346",Advanced Master in Financial Markets,"60",,,,,
8587,"347",Advanced Master in Creativity & Marketing,"60",,,,,
8913,"348",Certificat d'Université en Interprétation en contexte juridique : milieu judiciaire et secteur des demandes d'asile,"25",,,,,
8914,"349",Certificat d'Université - Spécialisation en phonétique et psycholinguistique cliniques,"10",,,,,
8915,"350",Certificat d'Université - Spécialisation en pédagogie de l'oral pour l'enseignement-apprentissage des langues étrangères,"10",,,,,
8916,"351",Certificat d'Université - Spécialisation en méthodologie de l'immersion linguistique,"10",,,,,
8917,"352",Certificat d'Université dExecutive Master en Management de l'Innovation,"30",,,,,
8918,"353",Certificat d'Université en Intelligence artificielle,"10",,,,,
8919,"354",Certificat d'Université de bases en économie,"14",,,,,
8920,"355",Certificat d'Université de bases en finance,"14",,,,,
8921,"356",Certificat d'Université en stratégies financières,"12",,,,,
8922,"357",Certificat d'Université de bases en management et marketing,"12",,,,,
8923,"358",Certificat d'Université en stratégie en management et marketing,"18",,,,,
8924,"359",Certificat d'Université en audit,"14",,,,,
8925,"360",Certificat d'Université en management des ressources humaines,"11",,,,,
8926,"361",Certificat d'Université en marketing,"10",,,,,
8927,"362",Certificat d'Université en finance,"14",,,,,
8928,"363",Certificat d'Université en management du non-marchand,"10",,,,,
8929,"364",Certificat d'Université en finances publiques et fiscalité,"13",,,,,
8930,"365",Certificat d'Université en management environnemental,"10",,,,,
8931,"366",Certificat d'Université en entrepreneuriat et gestion d'entreprise,"24",,,,,
8932,"367",Certificat d'Université en gestion internationale,"32",,,,,
8933,"368",Certificat d'Université dExecutive Master en e-Entrepreneurship,"34",,,,,
8934,"369",Certificat d'université en Orthopédagogie Clinique,"26",,,,,
8935,"370",Certificat d'université en Psychothérapie Emotivo-Cognitivo-Comportementale,"99",,,,,
8936,"371",Certificat d'Université en approche neuropsychologique et logopédique des troubles des apprentissages scolaires de l'enfant et de l'adolescent,"10",,,,,
8937,"372",Certificat d'Université en médiation (médiation familiale; médiation civile; médiation commerciale et sociale),,,,,,
9227,"374",L'intervention systémique dans l'abord familial et institutionnel,"12","12",,,,
9228,"375",Certificat de haute école en Thérapie manuelle orthopédique,"75","75",,,,
9229,"376",Certificat interdisciplinaire : Radicalisation violente et travail social,"10","10",,,,
9230,"377",Certificat en E-communication,"10","10",,,,
9231,"378",Certificat en gestion des data center,"66","66",,,,
9234,"379",Certificat d'université d'executive Master en Data Science,"35",,,,,
9237,"380",Certificat d'université en Victimologie Clinique : Approches psychocriminologique  et légale,,,,,,
9238,"381",Certificat d'université : compétence en neuropédiatrie,,,,,,
9239,"382",Certificat d'université : compétence en chirurgie maxillo-faciale,,,,,,
9240,"383",Certificat d'université : compétence en pathologie professionnelle,,,,,,
9241,"384",Certificat d'université : compétence en soins durgence,,,,,,
9242,"385",Certificat d'université : compétence en soins intensifs,,,,,,
9243,"386","Certificat d'université de radiothérapie et prise en charge oncologique : options ""dosimétrie"" et ""infirmier(e)"" en radiothérapie",,,,,,
9244,"387","Certificat d'université : Assurance qualité appliquée aux laboratoires et industries chimiques, phamarceutiques et biotechnologies",,,,,,
9245,"388",Certificat d'université en Pratique déducation thérapeutique du patient,,,,,,
9246,"389",Certificat d'université en ingénierie de l'activité et de la préparation physique,,,,,,
9247,"390",Certificat d'université en orthopédie et revalidation des équidés,,,,,,
9248,"391",Certificat d'université - Executive Master en gestion et droit de l'entreprise,,,,,,
9249,"392",Certificate of university - OpenBordersMBA,,,,,,
9250,"393",Certificat d'université - Executive Master en comptabilité OHADA et aspects  de droit OHADA,,,,,,
9251,"394","Certificat d'université : ""Enjeux humains des nouveaux modes de travail""",,,,,,
9252,"395","Certificat d'université : ""Les fondamentaux de la vente en entreprise""",,,,,,
9253,"396",Certificat d'université - Executive Master in sciences and management of the environment,,,,,,
9254,"397",Certificat d'université en « Fiabilité des systèmes de transport »,,,,,,
9255,"398",Certificat d'université en arômes alimentaires et innovation,,,,,,
9256,"399",Certificat duniversité en techno-pédagogie : Tutorat à distance (TAD),,,,,,
9257,"400",Certificat interuniversitaire en conception et gestion des systèmes de formation : les ingénieries dans les systèmes de formation,,,,,,
9258,"401",CEFLES,,,,,,
9259,"402","Certificat d'université ""Le Building Information Modeling pour petites et moyennes structures""",,,,,,
9260,"403",Certificat d'université en littérature de jeunesse,,,,,,
9261,"404",Certificat d'université interfacultaire de développement pédagogique en enseignement supérieur,,,,,,
9401,"405",Certificat en accompagnement des personnes âgées,"10",,,,,
9402,"406",Certificat d'infirmier ayant une expertise particulière en soins palliatifs,"15","15",,,,
9403,"407",Lactation humaine,"15",,,,,
9404,"408",Médiation sociale,"10",,,,,
9405,"409",Certificat de Conseiller en prévention niveau 1,"15","15",,,,
9511,"410",Certificat en didactique du cours de philosophie et de citoyenneté,"30",,,,,
9531,"411",Certificat en biosécurité,"13","13",,,,
9871,"412",Certificat en e-tourisme et marketing digital,"16","16",,,,
9873,"413",Certificat d'université en animation des dispositifs d'analyse des pratiques,"24",,,,,
10154,"414",Certificat d'aptitudes pédagogiques,"120","120","1080","1080",,
10161,"415",Certificat interuniversitaire en Électronique de l'Énergie,"40",,,,,
10162,"416",Certificat d'université en Connaisances juridiques pour le traducteur et/ou l'interprète juré,"10",,,,,
10182,"417",Certificat d'université : Sciences religieuses et sociales : Islam dans le monde contemporain,"10","15",,,,
10201,"418",Certificat en Haute Ecole aux pratiques interculturelles en milieux professionnels,"15",,,,,
10202,"419",Formation à la psychothérapie de l'enfant et de l'adolescent,"70",,,,,
10203,"420",Formation à la psychothérapie psychanalytique adulte,"70",,,,,
10204,"421",Formation à la thérapie du développement,"70",,,,,
10205,"422",Formation à la thérapie familiale et à l'intervention systémique,"70",,,,,
10341,"423",Formation internationale en pédagogie comparée,"60",,,,,
10371,"424","Certificat d'Université en Approche clinique et prise en charge des consommateurs d'alcool, de drogues et de jeux","18",,,,,
10372,"425",Certificat d'université en psychotraumatologie,"25",,,,,
10373,"426",Certificat d'université en intervention cognitive,"15",,,,,
10374,"427",Certificat d'université en essais cliniques,"15",,,,,
10375,"428",Certificat d'université en santé environnementale : approche écosystémique,"15",,,,,
10376,"429",Certificat d'université en expertise judiciaire en matière immobilière et en matière de construction,"12",,,,,
10377,"430",Certificat d'université en Project and change management,"10",,,,,
10378,"431",Certificat d'université en gestion officinale,"15",,,,,
10379,"432",Certificat d'université en médecine préventive de l'enfant et de l'adolescent - Petite enfance,"30",,,,,
10380,"433",Certificat d'université en médecine préventive de l'enfant et de l'adolescent,"30",,,,,
10381,"434",Certificat d'université en Vétérinaire Urgentiste pour la Sécurité Civile,"10",,,,,
10382,"435",Certificat d'université en psychologie clinique comportementale et cognitive,"13",,,,,
10455,"436",Certificat d'université Executive Master in Accounting,"23",,,,,
10456,"437",Certificat d'université Executive Master in Advanced Management,"17",,,,,
10457,"438",Certificat d'université Executive Master of Business Administration,"35",,,,,
10458,"439",Certificat d'université Executive Master in Finance,"26",,,,,
10459,"440",Certificat d'université Executive Master in Project Management,"23",,,,,
32720,"441",Certificat en Psychothérapie Humaniste et Expérientielle,"78",,,,,
32920,"442",Certificat d'Université en gestion des ressources humaines,"18",,,,,
32921,"443",Certificat d'Université en entrepreneuriat,"18",,,,,
33782,"444",Certificat universitaire en philosophie (approfondissement),"60",,,,,
33783,"445",Certificat universitaire en philosophie (fondements),"30",,,,,
33784,"446",Certificat universitaire en études bibliques,"30",,,,,
33785,"447",Certificat universitaire en théologie (approfondissement),"30",,,,,
33786,"448","Certificat universitaire en langue, littérature et civilisation latines","60",,,,,
33787,"449",Certificat universitaire en littérature,"30",,,,,
33788,"450",Certificat universitaire en histoire,"40","45",,,,
33789,"451",Certificat universitaire en musicologie (approfondissement),"60",,,,,
33790,"452",Certificat universitaire en musicologie (fondements),"30",,,,,
33791,"453",Certificat en révisorat et expertise comptable,"51",,,,,
33792,"454",Certificat universitaire en sciences psychologiques,"30",,,,,
33793,"455",Certificat d'aptitude pédagogique approprié à l'enseignement supérieur en hautes écoles (CAPAES),"20","30",,,,
33794,"456",Certificat universitaire de compétence en chirurgie orale et maxillo-faciale,"60",,,,,
33795,"457",Certificat universitaire de compétence en endocrinologie-diabétologie,"120",,,,,
33796,"458",Certificat universitaire de compétence en hématologie,"120",,,,,
33797,"459",Certificat universitaire de compétence en médecine d'urgence,"120",,,,,
33798,"460",Certificat universitaire de compétence en néphrologie,"120",,,,,
33799,"461",Certificat universitaire de compétence en neurologie pédiatrique,"120",,,,,
33800,"462",Certificat universitaire de compétence en oncologie digestive,"120",,,,,
33801,"463",Certificat universitaire de compétence en oncologie thoracique,"120",,,,,
33802,"464",Certificat universitaire de compétence en soins intensifs,"120",,,,,
33803,"465",Certificat de compétence pour l'utilisation des rayons X en diagnostic médical,"10",,,,,
33804,"466",Certificat universitaire de contrôle physique en radioprotection (Classe I),"58",,,,,
33805,"467",Certificat universitaire de contrôle physique en radioprotection (Classe II),"25",,,,,
33806,"468",Certificat universitaire de formation médicale spécialisée complémentaire,"60",,,,,
33807,"469",Certificat universitaire de formation médicale spécialisée partielle,"60",,,,,
33808,"470",Certificat universitaire en physique d'hôpital,"60",,,,,
33809,"471",Certificat universitaire préparatoire au master de spécialisation en médecine générale,"10",,,,,
33810,"472",Certificat universitaire en radiopharmacie,"38",,,,,
33811,"473",Certificat universitaire en radioprotection pour les médecins du travail,"30",,,,,
33812,"474",Certificat universitaire en dentisterie conservatrice et endodontie,"120",,,,,
33813,"475",Certificat universitaire en dentisterie pédiatrique,"180",,,,,
33814,"476",Certificat universitaire en prothèse dentaire,"120",,,,,
33815,"477",Certificat universitaire en sciences pharmaceutiques,"60",,,,,
33816,"478",Certificat d'université : Psychothérapie - Intervention et évaluation psychologiques,"70",,,,,
33817,"479",Certificat d'université : 4-Continent Executive MBA,"60",,,,,
33818,"480",Certificat d'université : Accompagnement des pratiques professionnelles des superviseurs de stagiaires,"10",,,,,
33819,"481",Certificat d'université : Accompagnement psychologique de la parentalité,"13",,,,,
33820,"482",Certificat d'université : Analyse de données appliquée en R&D - niveau avancé,"10",,,,,
33821,"483",Certificat d'université : Analyse de données appliquée en R&D - niveau de base,"12",,,,,
33822,"484",Certificat d'université : Analyse des pratiques d'encadrement dans l'enseignement supérieur,"10",,,,,
33823,"485",Certificat d'université : Analyse géopolitique des puissances,"20",,,,,
33824,"486",Certificat d'université : Animation de groupes d'entraînement à la pleine conscience,"11",,,,,
33825,"487",Certificat d'université : Approche multidisciplinaire de l'abus sexuel,"11",,,,,
33826,"488",Certificat d'université : Bois dans la construction,"10",,,,,
33827,"489","Certificat d'université : Building information management (BIM), Conception et gestion intégrée","12",,,,,
33828,"490",Certificat d'université : Cash-based interventions,"10",,,,,
33829,"491","Certificat d'université : Clinical, regulatory and quality affairs for medical devices and in-vitro diagnostic","17",,,,,
33830,"492",Certificat d'université : Communication Web,"18",,,,,
33831,"493",Certificat d'université : Conseiller en prévention de niveau 1,"40",,,,,
33832,"494",Certificat d'université : Conseiller en prévention spécialisé en hygiène du travail,"40",,,,,
33833,"495",Certificat d'université : Coordination des soins oncologiques,"10",,,,,
33834,"496",Certificat d'université : Cybersécurité,"15",,,,,
33835,"497",Certificat d'université : Diagnostic et prise en charge clinique des burnouts professionnel et parental,"16",,,,,
33836,"498",Certificat d'université : Didactique de l'enseignement en immersion,"26",,,,,
33837,"499",Certificat d'université : Didactique de l'espagnol,"20",,,,,
33838,"500",Certificat d'université : Didactique du cours de religion catholique - Initiation,"30",,,,,
33839,"501",Certificat d'université : Didactique du cours de religion islamique,"30",,,,,
33840,"502",Certificat d'université : Didactique du cours de religion orthodoxe,"30",,,,,
33841,"503",Certificat d'université : Didactique du français langue étrangère,"30",,,,,
33842,"504",Certificat d'université : Digestive endosonography,"12",,,,,
33843,"505",Certificat d'université : Droit bancaire et financier,"15",,,,,
33844,"506",Certificat d'université : Econometrics,"10","20",,,,
33845,"507",Certificat d'université : Fiscalité immobilière,"10",,,,,
33846,"508","Certificat d'université : Fondements du droit canon : droit, éthique et déontologie de l'action pastorale","15",,,,,
33847,"509",Certificat d'université : Gestion administrative du personnel,"10",,,,,
33848,"510",Certificat d'université : Gestion des droits intellectuels et pratiques dans le numérique,"19",,,,,
33849,"511",Certificat d'université : Gouvernance des territoires : gestion et pilotage de projets,"10",,,,,
33850,"512",Certificat d'université : Gouvernance et droit des sociétés et associations,"10",,,,,
33851,"513",Certificat d'université : Initiation aux mathématiques financières,"10",,,,,
33852,"514","Certificat d'université : Islam, politique, droits de l'homme et appartenances religieuses","20",,,,,
33853,"515",Certificat d'université : Junior data analyst (formule modulaire),"12",,,,,
33854,"516",Certificat d'université : Memory studies,"15","20",,,,
33855,"517",Certificat d'université : Orientation scolaire et professionnelle,"20",,,,,
33856,"518",Certificat d'université : Orthodontie de l'adulte,"14","16",,,,
33857,"519",Certificat d'université : Orthopédagogie clinique,"24",,,,,
33858,"520",Certificat d'université : Pastorale catéchétique et catéchuménale,"30",,,,,
33859,"521",Certificat d'université : Pastorale familiale,"15",,,,,
33860,"522",Certificat d'université : Pratiques de consommation et conduites de dépendances,"10",,,,,
33861,"523",Certificat d'université : Psychologie du sport,"27","52",,,,
33862,"524",Certificat d'université : Psychothérapie - Cliniques psychanalytiques (Adultes / Enfants),"89","92",,,,
33863,"525",Certificat d'université : Psychothérapie - Cliniques systémiques,"100",,,,,
33864,"526",Certificat d'université : Psychothérapie centrée sur la personne et expérientielle,"105",,,,,
33865,"527",Certificat d'université : Rééducation fonctionnelle et intensive en neurologie adulte,"10",,,,,
33866,"528",Certificat d'université : Religions et sociétés,"20",,,,,
33867,"529",Certificat d'université : Soins dentaires sous sédation consciente par inhalation de MEOPA,"10",,,,,
33868,"530",Certificat d'université : Thérapie manuelle,"75",,,,,
33869,"531",Certificat d'université : Thérapie manuelle musculo-squelettique,"32",,,,,
33870,"532",Certificat d'université : Toxicology,"13",,,,,
33871,"533",Certificat inter-universités : (Re)Inventing your compliance programme,"10",,,,,
33872,"534",Certificat inter-universités : Approche multidisciplinaire des maltraitances infanto-juvéniles,"12",,,,,
33873,"535",Certificat inter-universités : Conception et management global de la stratégie des institutions de soins,"10",,,,,
33874,"536",Certificat inter-universités : Connaissances juridiques pour le traducteur et/ou l'interprète juré,"10",,,,,
33875,"537",Certificat inter-universités : Démocratie participative,"10",,,,,
33876,"538",Certificat inter-universités : Droit pénal des affaires,"16",,,,,
33877,"539",Certificat inter-universités : Echographie gynécologique,"11",,,,,
33878,"540",Certificat inter-universités : Génétique humaine,"10",,,,,
33879,"541",Certificat inter-universités : Ingénierie de formation : conception et gestion des systèmes de formation en organisation,"12",,,,,
33880,"542","Certificat inter-universités : Le transmédia, l'art de la narration et de la médiatisation pour mobiliser vos publics","10",,,,,
33881,"543",Certificat inter-universités : Les atouts de la diversité : prévenir les discriminations et promouvoir l'inclusion,"15",,,,,
33882,"544",Certificat inter-universités : Management stratégique du carbone,"20","25",,,,
33883,"545",Certificat inter-universités : Médiation familiale - spécialisation,"11",,,,,
33884,"546",Certificat inter-universités : Périnatalité : approche transdisciplinaire,"10",,,,,
33885,"547",University certificate for the Chartered Financial Analyst (CFA) exam,"10",,,,,
33886,"548",Certificat inter-universités : Prévention des infections et hygiène hospitalière,"20",,,,,
33887,"549",Certificat inter-universités : Transformation digitale des entreprises,"10",,,,,
33941,"550",Certificat d'Université en enseignement explicite des contenus et des comportements (initiation),"10",,,,,
33943,"551",Certificat d'Université en enseignement explicite des contenus (approfondissement),"10",,,,,
33944,"552",Certificat d'Université en enseignement explicite des comportements (approfondissement),"10",,,,,
34010,"553",Certificat en Psychothérapie Humaniste et Expérientielle (CPHE),"78",,,,,
34011,"554",Certificat en Haute Ecole aux pratiques interculturelles en milieux professionnels (module 2),"15",,,,,
34012,"555",Certificat en Algologie Multidisciplinaire,"16",,,,,
34102,"556",Certificat denseignement supérieur de promotion sociale en e-tourisme et marketing digital,,,,,,
34103,"557",Certificat de formation continue en Écritures contemporaines,"30",,,,"450",
34104,"558",Certificat de haute école en Didactique du Néerlandais Langue Seconde et Langue dImmersion,,,,,,
34105,"559",Certificat en didactique du français langue étrangère (FLE) et langue de scolarisation (FLSco),,,,,,
34106,"600",Certificat de Haute École en e-learning et hybridation pédagogique,"12",,,,,
34107,"601",Certificat de haute école en thérapie manuelle,"75",,,,"460",
34108,"602",Certificat de haute école en Intervention systémique dans labord familial et institutionnel,,,,,"96",
34109,"603",Certificat de haute école en Thérapie manuelle orthopédique,,,,,,
34110,"604",Certificat de haute école en Développement du Pouvoir dAgir des Personnnes et des Collectivités DPAPC,,,,,"72",
34111,"605",Certificat inter-hautes écoles en économie sociale et solidaire,"10",,,,,
34112,"606",Certificat Inter Hautes Ecoles en fundraising,,,,,,
34113,"607",Certificat de Haute Ecole en Intelligence des données,"30",,,,"365",
34114,"608",Certificat en Data Intelligence,,,,,,
34115,"609",Certificat inter hautes écoles et universités en accompagnement de la grande précarité,"12","80",,,,
34116,"610",Certificat haute école : écoles Mobile et Web avancé,,,,,,
34117,"611","Certificat de haute école en Gestion entrepreneuriale à orientation agronomique, technique, sociale, paramédicale, économique ou en arts appliquées",,,,,,
34118,"612",Certificat de haute école en Agriculture urbaine et production hors sols  Formation en vivriculture,,,,,,
34119,"613",Certificat inter hautes écoles  en Sciences forestières,,,,,,
34120,"614",Certificat Pilotage et Maintenance de Drones,"18",,,,,
34121,"615",Certificat en Marketing Digital,,,,,,
34122,"616",Certificat inter haute école et enseignement supérieur de promotion sociale en infirmier siamu dans les soins d'urgence en préhospitalier,,,,,,
34123,"617",Certificat en fiscalité des personnes physiques,"12",,,,,
34124,"618",Certificat en fiscalité des sociétés,"13",,,,,
34125,"619",Certificat en fiscalité européenne et internationale,"12",,,,,
34126,"620",Certificat en fiscalité patrimoniale,"20",,,,,
34127,"621",Certificat en procédure,,,,,,
34128,"622",Certificat Fiscalité indirecte,"12",,,,,
34129,"623",Executive Master droit fiscal européen et international,"60",,,,"400",
34130,"624",Executive Master Droit fiscal,"60",,,,"495",
34131,"625",Certificat inter Enseignement supérieur de promotion sociale et Haute École en e-tourisme et marketing digital,"16",,"186",,,
34133,"627",Certificat décole supérieure des arts  Formation internationale à lécriture de séries,,,,,,
34134,"628",Certificat denseignement superieur de promotion sociale en pilotage et de maintenance de drones,,,,,,
34135,"629",Certificat duniversité en Didactique du cours de religion orthodoxe,"30",,,,,
34136,"630",Certificat duniversité en e-Management,"10",,,,,
34147,"631",Certificat duniversité en interventions monétaires dans le contexte de laction humanitaire,,,,,,
34148,"632",Certificat duniversité en Echo-endoscopie digestive,"12",,,,,
34149,"633",Certificat duniversité de prise en charge des urgences maternelles et obstétricales,,,,,,
34150,"634",Certificat duniversité en santé et précarité,,,,,,
34151,"635",Certificat duniversité en hypnose thérapeutique orientation : Paramédicale,,,,,,
34152,"636",Certificat duniversité en Kinésithérapie cardiovasculaire,"30",,,,,
34153,"637",Certificat duniversité en Kinésithérapie neurologique,,,,,,
34154,"638","Certificat interuniversitaire européen en hypnose thérapeutique orientation : Médicale, Psychologie et thérapie brève",,,,,,
34155,"639",Certificat duniversité en genre et sexualité,"20",,,,,
34156,"640",Certificat duniversité en langue française et cultures francophones pour allophones,"35",,,,,
34157,"641","Certificat duniversité en Stratégie territoriale, Microéconomique et Compétitivité",,,,,,
34158,"642",Certificate of Executive Master in Governance & Development Policy,,,,,,
34159,"643",Certificate of Executive Master in International Politics,,,,,,
34160,"644",Certificate of Archaeological Soil Micromorphology and Phytolith analysis,,,,,,
34161,"645",Certificat duniversité en Médecine environnementale,"15",,,,,
34162,"646",Certificat duniversité en Partenariat Patient,,,,,,
34163,"647",Certificat duniversité en Enseigner dans le supérieur avec le numérique,,,,,,
34164,"648",Certificat duniversité en formation juridique pour les traducteurs et interprètes jurés,"10",,,,,
34165,"649",Certificat duniversité en réhabilitation prothétique et esthétique dentaire,"15",,,,,
34166,"650",Certificat duniversité de praticien.ne en acceptation et engagement,"10",,,,,
34167,"651",Certificat duniversité en BIM,,,,,,
34168,"652",Certificat universitaire européen en EMDR,,,,,,
34169,"653",Certificat duniversité en cartographie et analyse de données géographiques,,,,,,
34170,"654",Certificat duniversité en Engagement citoyen,,,,,,
34171,"655","Certificat duniversité en Langue française, parlée et complétée",,,,,,
34172,"656",Certificat duniversité La religion dans tous ses états,,,,,,
34173,"657",University Certificate in Digital Marketing,,,,,,
34174,"658",University Certificate in Fintech & Digital Banking,,,,,,
34175,"659",University Certificate in Innovation & Creativity,,,,,,
34176,"660",University Certificate in Retail Management,,,,,,
34177,"661",Certificat interuniversitaire en troubles du spectre de lAutisme,"15",,,,,
34178,"662",Certificat interuniversitaire en politique et action sociale,,,,,,
34180,"663",Certificat duniversité en gestion officinale,"15",,,,"150",
34181,"664",Certificat interuniversitaire en imagerie cardiaque par échocardiographie,"10",,,,,
34182,"665",Certificat d'université en Clinique du travail,,,,,,
34183,"666","Certificat inter université et haute école en Enfance, familles, institutions. Place et parole de lenfant en contextes",,,,,,
34184,"667",Certificat inter université et haute école en Enseignement du français langue de scolarisation en contexte migratoire,"20",,,,,
34185,"668",Certificat inter université et haute école en Méthodes et pratique de linterdisciplinarité dans le domaine de la santé,"25",,,,,
34186,"669",Certificat inter université et haute école en Travailler avec la culture vidéoludique,"20",,,,,
34187,"670",Certificat duniversité : MBA international,,,,,,
34188,"671",Certificat duniversité en management des affaires européennes,,,,,,
34189,"672",Certificat duniversité en management et gouvernance des universités,,,,,,
34190,"673",Executive master in essential oils and entrepreneurship,,,,,,
34191,"674",Certificat duniversité en sécurité sanitaire des aliments Partim 1 : maîtrise des risques Partim 2 : contrôles de la chaîne alimentaire,,,,,,
34192,"675",Certificat d'université en analyse du renseignement,"15",,,,,
34193,"676",Certificat d'université en approche intégrée de la simulation en santé,"17",,,,,
34194,"677",Certificat d'université en Spécialisation en douane,,,,,,
34195,"678",Certificat inter université et haute école en management des systèmes d'information hospitaliers et médicaux,"34",,,,,
34196,"679",Certificat inter universités de formation d'un maitre de stage dans l'année pratique supervisée en psychologie clinique et orthopédagogie clinique,,,,,,
34197,"680",Executive Master in law and artificial intelligence,,,,,,
34198,"681",Certificat d'université « les fondamentaux de la vente en entreprise »,"16",,,,,
34199,"682",Certificat interuniversitaire en Droit européen de la concurrence,"32",,,,,
34200,"683",Régulation et contrôle prudentiel dans le secteur financier,,,,,,
34201,"684",Certificat d'université en Psychothérapie émotivo-cognitivo-comportementale,,,,,,
34202,"685",Certificat en Vieillissement et innovations sociales,,,,,,
34203,"686","Certificat duniversité en Psychothérapie, basée sur la preuve des troubles du comportement alimentaire",,,,,,
34204,"687",Certificat d'université en certification de systèmes embarqués critiques,,,,,,
34205,"688",Certificat d'université en co-interprétation en direct et en différé français / LSFB,,,,,,
34206,"689",Certificat inter universités en droit de l'insolvabilité de l'entreprise,,,,,,
34207,"690",Certificat de préparation aux examens de lInstitut Professionnel des Comptables et Fiscalistes agréés,,,,,,
34300,"691",Certificat d'université en orthopédagogie,"16",,,,,
42990,"692",Certificat interuniversitaire en expertise judiciaire: spécialisation en expertise immobilière,"10",,,,,
42994,"693",Certificat en production de vidéos pour les réseaux sociaux,"10",,,,,
42995,"694","Certificat en Haute École en communication, relation, bien-être dans les soins de santé","10",,,,,
